date,ret1_fwd,pos,pos_prev,turnover,tc,strategy_ret,bh_ret,cum_strategy,cum_bh
2021-01-04,0.007057576170721447,1,0,1,0.0001,0.006957576170721447,0.007057576170721447,1.0069818363351508,1.0070825395538614
2021-01-05,0.005693660866217698,1,1,0,0.0,0.005693660866217698,0.005693660866217698,1.0127316024860695,1.012832880710145
2021-01-06,0.014738221178340893,1,1,0,0.0,0.014738221178340893,0.014738221178340893,1.0277679975188991,1.0278707794576623
2021-01-07,0.005476865536104825,1,1,0,0.0,0.005476865536104825,0.005476865536104825,1.0334123873164869,1.0335157337224525
2021-01-08,-0.0065763737616642,1,1,0,0.0,-0.0065763737616642,-0.0065763737616642,1.0266385791678252,1.0267412481591058
2021-01-11,0.00041574571696578744,1,1,0,0.0,0.00041574571696578744,0.00041574571696578744,1.0270654884966994,1.0271682001810476
2021-01-12,0.002273017902771457,0,1,1,0.0001,-0.0001,0.002273017902771457,1.026962787083006,1.0295056273897814
2021-01-13,-0.003760500291052793,0,0,0,0.0,-0.0,-0.003760500291052793,1.026962787083006,1.0256414413684076
2021-01-14,-0.007215990506594494,1,0,1,0.0001,-0.007315990506594494,-0.007215990506594494,1.019476953614482,1.0182670611919518
2021-01-15,0.008103480771509908,1,1,0,0.0,0.008103480771509908,0.008103480771509908,1.0277718287946902,1.0265520922000178
2021-01-19,0.013839368887685666,1,1,0,0.0,0.013839368887685666,0.013839368887685666,1.0420944214900663,1.0408576871630648
2021-01-20,0.00031668077285651464,1,1,0,0.0,0.00031668077285651464,0.00031668077285651464,1.042424485016481,1.0411873589774765
2021-01-21,0.0005941547286187898,1,1,0,0.0,0.0005941547286187898,0.0005941547286187898,1.0430440304881914,1.0418061691864926
2021-01-25,-0.001489945739473697,1,1,0,0.0,-0.001489945739473697,-0.001489945739473697,1.0414911086508023,1.0402550903219703
2021-01-26,-0.026013289892048874,1,1,0,0.0,-0.026013289892048874,-0.026013289892048874,1.0147478466950424,1.0135435666707198
2021-01-27,0.009713334927598183,1,1,0,0.0,0.009713334927598183,0.009713334927598183,1.024652457926203,1.023436423331035
2021-01-28,-0.01950040596712732,1,1,0,0.0,-0.01950040596712732,-0.01950040596712732,1.0048648789738084,1.0036723278342983
2021-01-29,0.01592426914071865,1,1,0,0.0,0.01592426914071865,0.01592426914071865,1.0209947047482388,1.0197830110926454
2021-02-01,0.01380254196564934,1,1,0,0.0,0.01380254196564934,0.01380254196564934,1.035184730945301,1.0339561968843305
2021-02-02,0.0010082963259936406,1,1,0,0.0,0.0010082963259936406,0.0010082963259936406,1.036229030299364,1.0349992568873019
2021-02-03,0.01079482976893864,1,1,0,0.0,0.01079482976893864,0.01079482976893864,1.0474755391461115,1.0462324186291585
2021-02-04,0.0038898969855534204,1,1,0,0.0,0.0038898969855534204,0.0038898969855534204,1.0515580462064291,1.0503100806615042
2021-02-05,0.007372105129887174,1,1,0,0.0,0.007372105129887174,0.007372105129887174,1.0593388880258294,1.0580816883520459
2021-02-08,-0.0011141179817588664,0,1,1,0.0001,-0.0001,-0.0011141179817588664,1.0592329594335448,1.0569035169497234
2021-02-09,-0.0003452195438775618,1,0,1,0.0001,-0.0004452195438775618,-0.0003452195438775618,1.0587614731837205,1.0565387161714817
2021-02-10,0.001661074764843562,1,1,0,0.0,0.001661074764843562,0.001661074764843562,1.0605216166090166,1.058295164363016
2021-02-11,0.004699921149025954,1,1,0,0.0,0.004699921149025954,0.004699921149025954,1.0655177160238933,1.0632807749989852
2021-02-12,-0.0005694370099789126,1,1,0,0.0,-0.0005694370099789126,-0.0005694370099789126,1.0649111435204082,1.062675475929904
2021-02-16,-0.0003204508720298094,0,1,1,0.0001,-0.0001,-0.0003204508720298094,1.0648046577304342,1.062334995203544
2021-02-17,-0.00442558686962613,1,0,1,0.0001,-0.0045255868696261305,-0.00442558686962613,1.059996679420436,1.057643927418156
2021-02-18,-0.0018566165820494973,1,1,0,0.0,-0.0018566165820494973,-0.0018566165820494973,1.058030497796,1.0556821098996114
2021-02-19,-0.007762902892533674,0,1,1,0.0001,-0.0001,-0.007762902892533674,1.0579247000361964,1.047518679150959
2021-02-22,0.0012554994192246482,1,0,1,0.0001,0.0011554994192246482,0.0012554994192246482,1.0591478379441506,1.0488346641806168
2021-02-23,0.011287715277781274,1,1,0,0.0,0.011287715277781274,0.011287715277781274,1.071170926116578,1.0607406806912287
2021-02-24,-0.024783434790563774,0,1,1,0.0001,-0.0001,-0.024783434790563774,1.0710638143796427,1.034774971964384
2021-02-25,-0.004761483718072057,0,0,0,0.0,-0.0,-0.004761483718072057,1.0710638143796427,1.029859619256076
2021-02-26,0.02351213008199693,0,0,0,0.0,0.0,0.02351213008199693,1.0710638143796427,1.0543607204139807
2021-03-01,-0.008113671312553805,1,0,1,0.0001,-0.008213671312553805,-0.008113671312553805,1.0623024788750672,1.0458405955710468
2021-03-02,-0.013152318131986362,1,1,0,0.0,-0.013152318131986362,-0.013152318131986362,1.0484222176138414,1.0321754286409135
2021-03-03,-0.01350803796008293,1,1,0,0.0,-0.01350803796008293,-0.01350803796008293,1.0343553125389375,1.0183265102076646
2021-03-04,0.01930836381558443,1,1,0,0.0,0.01930836381558443,0.01930836381558443,1.0545210787019261,1.0381797792279726
2021-03-05,-0.00537368403054117,0,1,1,0.0001,-0.0001,-0.00537368403054117,1.0544156318664857,1.0326158918027906
2021-03-08,0.014055441418612702,1,0,1,0.0001,0.013955441418612703,0.014055441418612702,1.069233622761578,1.047232242984339
2021-03-09,0.006012173623114236,1,1,0,0.0,0.006012173623114236,0.006012173623114236,1.0756814041138743,1.0535473497899015
2021-03-10,0.010341818218279286,1,1,0,0.0,0.010341818218279286,0.010341818218279286,1.0868636282563011,1.0644994798211123
2021-03-11,0.001014883350162421,0,1,1,0.0001,-0.0001,0.001014883350162421,1.0867549473276124,1.0655803710159022
2021-03-12,0.006470976590856381,0,0,0,0.0,0.0,0.006470976590856381,1.0867549473276124,1.0724980746625585
2021-03-15,-0.0015709218841468697,0,0,0,0.0,-0.0,-0.0015709218841468697,1.0867549473276124,1.070814586626673
2021-03-16,0.002875205304977868,1,0,1,0.0001,0.0027752053049778683,0.002875205304977868,1.0897751042620423,1.0738978287598118
2021-03-17,-0.01487052060181071,1,1,0,0.0,-0.01487052060181071,-0.01487052060181071,1.0736894783584425,1.0580465593882145
2021-03-18,-0.0006029206064699366,1,1,0,0.0,-0.0006029206064699366,-0.0006029206064699366,1.073042323957956,1.0574088335832876
2021-03-19,0.007000559550654373,1,1,0,0.0,0.007000559550654373,0.007000559550654373,1.0805805758517502,1.064837258319483
2021-03-22,-0.007660100809948389,1,1,0,0.0,-0.007660100809948389,-0.007660100809948389,1.0723348416048841,1.0567116587626495
2021-03-23,-0.005482303984823744,1,1,0,0.0,-0.005482303984823744,-0.005482303984823744,1.0664720614852294,1.0509342953264964
2021-03-24,0.0052265508159266005,1,1,0,0.0,0.0052265508159266005,0.0052265508159266005,1.0720606236385766,1.0564414359639518
2021-03-25,0.016494413826352528,1,1,0,0.0,0.016494413826352528,0.016494413826352528,1.0898902758078908,1.0740113223352643
2021-03-26,-0.0008684019308251578,1,1,0,0.0,-0.0008684019308251578,-0.0008684019308251578,1.0889442238241296,1.0730790536797574
2021-03-29,-0.003162819611880252,1,1,0,0.0,-0.003162819611880252,-0.003162819611880252,1.0855055305266348,1.069690459784092
2021-03-30,0.0036159929659937973,1,1,0,0.0,0.0036159929659937973,0.0036159929659937973,1.0894378161634832,1.0735654547174132
2021-03-31,0.011755774236888783,1,1,0,0.0,0.011755774236888783,0.011755774236888783,1.102320576220611,1.0862605218002233
2021-04-01,0.014335038467166328,1,1,0,0.0,0.014335038467166328,0.014335038467166328,1.1182361869850994,1.1019442530366277
2021-04-05,-0.0009740121110812794,1,1,0,0.0,-0.0009740121110812794,-0.0009740121110812794,1.1171475416588592,1.1008714685257992
2021-04-06,0.001474143283354934,1,1,0,0.0,0.001474143283354934,0.001474143283354934,1.1187955916363668,1.1024955075459706
2021-04-07,0.004211758040806757,0,1,1,0.0001,-0.0001,0.004211758040806757,1.1186837176709945,1.1071487441395416
2021-04-08,0.007690316372556794,1,0,1,0.0001,0.007590316372556793,0.007690316372556794,1.1272071880053776,1.1156958912623458
2021-04-09,-0.00019620215667437435,1,1,0,0.0,-0.00019620215667437435,-0.00019620215667437435,1.126986049218735,1.1154770107953993
2021-04-12,0.003289166381145847,0,1,1,0.0001,-0.0001,0.003289166381145847,1.1268733562485553,1.1191520408576863
2021-04-13,-0.004096179929696575,1,0,1,0.0001,-0.004196179929696575,-0.004096179929696575,1.122154699976937,1.1145771688757375
2021-04-14,0.011033158016154232,1,1,0,0.0,0.011033158016154232,0.011033158016154232,1.1346041622528444,1.1269425641441364
2021-04-15,0.0036022533265391843,0,1,1,0.0001,-0.0001,0.0036022533265391843,1.1344907075094508,1.1310094172645333
2021-04-16,-0.005320582266875817,1,0,1,0.0001,-0.005420582266875818,-0.005320582266875817,1.1283577444307602,1.1250077689054616
2021-04-19,-0.006825603130707236,1,1,0,0.0,-0.006825603130707236,-0.006825603130707236,1.1206822470267364,1.1173550592463481
2021-04-20,0.009263025469113728,1,1,0,0.0,0.009263025469113728,0.009263025469113728,1.131111383329945,1.1277532325402293
2021-04-21,-0.009253351856793657,1,1,0,0.0,-0.009253351856793657,-0.009253351856793657,1.1206930881247643,1.1173658681582959
2021-04-22,0.010869423861540994,0,1,1,0.0001,-0.0001,0.010869423861540994,1.1205810244192305,1.129577236431436
2021-04-23,0.0017806378908797882,1,0,1,0.0001,0.0016806378908797881,0.0017806378908797882,1.1224658988006637,1.1315903962817337
2021-04-26,-0.00021494231270047237,0,1,1,0.0001,-0.0001,-0.00021494231270047237,1.122353657822926,1.1313471957629047
2021-04-27,-0.0008458882928294997,1,0,1,0.0001,-0.0009458882928294998,-0.0008458882928294997,1.1212925385668333,1.1303906070555163
2021-04-28,0.006740032543708807,1,1,0,0.0,0.006740032543708807,0.006740032543708807,1.1288756131455173,1.13803521003067
2021-04-29,-0.007220643718202524,0,1,1,0.0001,-0.0001,-0.007220643718202524,1.1287627312283925,1.1298474592301349
2021-04-30,0.002744265697041115,1,0,1,0.0001,0.002644265697041115,0.002744265697041115,1.1317514295134055,1.1329523191871698
2021-05-03,-0.006700737740406026,1,1,0,0.0,-0.006700737740406026,-0.006700737740406026,1.1241932110968447,1.1253860808236384
2021-05-04,0.0007032914568743109,1,1,0,0.0,0.0007032914568743109,0.0007032914568743109,1.1249841246668635,1.1261778336238224
2021-05-05,0.00813223411591224,1,1,0,0.0,0.00813223411591224,0.00813223411591224,1.1341700594067046,1.1353735154634994
2021-05-06,0.007346296237811245,1,1,0,0.0,0.007346296237811245,0.007346296237811245,1.1425326882118838,1.1437450177671482
2021-05-07,-0.010490499399026021,1,1,0,0.0,-0.010490499399026021,-0.010490499399026021,1.1306095986597606,1.131809276748679
2021-05-10,-0.008711731693216151,1,1,0,0.0,-0.008711731693216151,-0.008711731693216151,1.1208028102642735,1.1219920824719976
2021-05-11,-0.021682768452684797,1,1,0,0.0,-0.021682768452684797,-0.021682768452684797,1.0967622769721712,1.0979260400199955
2021-05-12,0.012099654192200049,1,1,0,0.0,0.012099654192200049,0.012099654192200049,1.1101133299322798,1.1112912596435742
2021-05-13,0.014807755166462044,0,1,1,0.0001,-0.0001,0.014807755166462044,1.1100023241496684,1.1278694283436692
2021-05-14,-0.002533244169402593,1,0,1,0.0001,-0.002633244169402593,-0.002533244169402593,1.107083261990009,1.1250158755894233
2021-05-17,-0.008553781927838955,1,1,0,0.0,-0.008553781927838955,-0.008553781927838955,1.0976538990414348,1.1154337751476082
2021-05-18,-0.002947775595103508,1,1,0,0.0,-0.002947775595103508,-0.002947775595103508,1.094423025949919,1.1121505681434334
2021-05-19,0.01049944386861057,0,1,1,0.0001,-0.0001,0.01049944386861057,1.0943135891192566,1.1238890465188536
2021-05-20,-0.0007841270013955182,1,0,1,0.0001,-0.0008841270013955182,-0.0007841270013955182,1.0933465045029291,1.1230081201951008
2021-05-21,0.009862511119054673,1,1,0,0.0,0.009862511119054673,0.009862511119054673,1.1041829962327938,1.1341385972734517
2021-05-24,-0.0021275639556268544,1,1,0,0.0,-0.0021275639556268544,-0.0021275639556268544,1.1018362735760707,1.131728209909069
2021-05-25,0.0018749737128445076,0,1,1,0.0001,-0.0001,0.0018749737128445076,1.1017260954577108,1.1338521611068308
2021-05-26,0.0011647198427056082,1,0,1,0.0001,0.0010647198427056082,0.0011647198427056082,1.1028997497884245,1.1351735505924634
2021-05-27,0.000768591077205727,1,1,0,0.0,0.000768591077205727,0.000768591077205727,1.103747754537861,1.1360463702322554
2021-05-28,-0.0004924965749690813,0,1,1,0.0001,-0.0001,-0.0004924965749690813,1.103637385280962,1.1354870090389522
2021-06-01,0.0014458704850337512,1,0,1,0.0001,0.001345870485033751,0.0014458704850337512,1.105123738258932,1.1371299636550327
2021-06-02,-0.0036352984992422677,1,1,0,0.0,-0.0036352984992422677,-0.0036352984992422677,1.1011135770745513,1.1330036615189205
2021-06-03,0.008795294352097471,0,1,1,0.0001,-0.0001,0.008795294352097471,1.101003471222228,1.1430127139826773
2021-06-04,-0.000797028568481295,1,0,1,0.0001,-0.000897028568481295,-0.000797028568481295,1.1000162824889888,1.142102063151068
2021-06-07,0.00017506961427571355,1,1,0,0.0,0.00017506961427571355,0.00017506961427571355,1.1002088787736477,1.1423020280221032
2021-06-08,-0.001825541746812931,1,1,0,0.0,-0.001825541746812931,-0.001825541746812931,1.0982022336996882,1.140218610244145
2021-06-09,0.004641367023083376,0,1,1,0.0001,-0.0001,0.004641367023083376,1.0980924189671464,1.145523083782578
2021-06-10,0.0019465941937433229,0,0,0,0.0,0.0,0.0019465941937433229,1.0980924189671464,1.1477551240998198
2021-06-11,0.0018135655401927409,1,0,1,0.0001,0.0017135655401927408,0.0018135655401927409,1.0999756853856335,1.1498385418777775
2021-06-14,-0.0020137061101781484,1,1,0,0.0,-0.0020137061101781484,-0.0020137061101781484,1.0977628863381503,1.1475254347209272
2021-06-15,-0.005404786783293147,1,1,0,0.0,-0.005404786783293147,-0.005404786783293147,1.0918457169226237,1.1413400348587406
2021-06-16,-0.00043573191810075684,1,1,0,0.0,-0.00043573191810075684,-0.00043573191810075684,1.091370068529238,1.1408428249091356
2021-06-17,-0.013211434948255274,0,1,1,0.0001,-0.0001,-0.013211434948255274,1.0912609369790534,1.1258697796333066
2021-06-18,0.013905201143733947,0,0,0,0.0,0.0,0.013905201143733947,1.0912609369790534,1.1416345777093193
2021-06-21,0.005111429423335423,1,0,1,0.0001,0.005011429423335423,0.005111429423335423,1.0967434402621452,1.147484901301121
2021-06-22,-0.0010838474815404453,1,1,0,0.0,-0.0010838474815404453,-0.0010838474815404453,1.095555381600019,1.146241876427114
2021-06-23,0.0057943377765710125,1,1,0,0.0,0.0057943377765710125,0.0057943377765710125,1.101921826387289,1.1529028684150064
2021-06-24,0.003325072472303958,1,1,0,0.0,0.003325072472303958,0.003325072472303958,1.1055918945587764,1.1567427343844996
2021-06-25,0.002312366351411299,1,1,0,0.0,0.002312366351411299,0.002312366351411299,1.108151386154794,1.1594206423195907
2021-06-28,0.00027731138634301544,1,1,0,0.0,0.00027731138634301544,0.00027731138634301544,1.1084587317652155,1.1597422074500425
2021-06-29,0.0013272329146101214,1,1,0,0.0,0.0013272329146101214,0.0013272329146101214,1.109930891411764,1.1612824774026171
2021-06-30,0.005208054995812006,1,1,0,0.0,0.005208054995812006,0.005208054995812006,1.1157265514939707,1.1673462770053904
2021-07-01,0.007472118231364178,1,1,0,0.0,0.007472118231364178,0.007472118231364178,1.1240946168533055,1.1761014956831906
2021-07-02,-0.0020239476634920095,1,1,0,0.0,-0.0020239476634920095,-0.0020239476634920095,1.12182180897793,1.1737235350546513
2021-07-06,0.0033533824363036757,0,1,1,0.0001,-0.0001,0.0033533824363036757,1.1217096324059541,1.1776660856876484
2021-07-07,-0.008597867216574073,1,0,1,0.0001,-0.008697867216574073,-0.008597867216574073,1.1119954585071172,1.1675840730682434
2021-07-08,0.011214829918571922,1,1,0,0.0,0.011214829918571922,0.011214829918571922,1.124536489768095,1.1807520300487753
2021-07-09,0.003445214723939216,1,1,0,0.0,0.003445214723939216,0.003445214723939216,1.1284174409565932,1.1848269898531338
2021-07-12,-0.0035230289676473348,0,1,1,0.0001,-0.0001,-0.0035230289676473348,1.1283046048543968,1.1806601542972175
2021-07-13,0.0011642922750674245,1,0,1,0.0001,0.0010642922750674245,0.0011642922750674245,1.129506089981524,1.1820355883425873
2021-07-14,-0.0032675689369963123,1,1,0,0.0,-0.0032675689369963123,-0.0032675689369963123,1.1258213742775174,1.1781795090051737
2021-07-15,-0.007567500391697735,1,1,0,0.0,-0.007567500391697735,-0.007567500391697735,1.1173338756656959,1.1692972856119865
2021-07-16,-0.015996800327963356,1,1,0,0.0,-0.015996800327963356,-0.015996800327963356,1.0996023110270037,1.1507410860254272
2021-07-19,0.015048847488143835,1,1,0,0.0,0.015048847488143835,0.015048847488143835,1.1162751977128966,1.1681893721373253
2021-07-20,0.00820806865888457,1,1,0,0.0,0.00820806865888457,0.00820806865888457,1.1254753673368465,1.1778174104549186
2021-07-21,0.002014630238242887,0,1,1,0.0001,-0.0001,0.002014630238242887,1.1253628254273023,1.1801926688554703
2021-07-22,0.010094319060165446,1,0,1,0.0001,0.009994319060165447,0.010094319060165446,1.1366664525010874,1.1921662410657567
2021-07-23,0.0023794199422138007,1,1,0,0.0,0.0023794199422138007,0.0023794199422138007,1.139374279577125,1.1950062826800687
2021-07-26,-0.004723618672649366,1,1,0,0.0,-0.004723618672649366,-0.004723618672649366,1.1340050011504266,1.1893748395552122
2021-07-27,-0.0001863191743716186,0,1,1,0.0001,-0.0001,-0.0001863191743716186,1.1338916063201476,1.1891532568602814
2021-07-28,0.004197385011620369,1,0,1,0.0001,0.004097385011620369,0.004197385011620369,1.1385471280117945,1.1941550808641723
2021-07-29,-0.005420682382194286,0,1,1,0.0001,-0.0001,-0.005420682382194286,1.1384332789915392,1.1876994582032874
2021-07-30,-0.0018445946098477606,1,0,1,0.0001,-0.0019445946098477606,-0.0018445946098477606,1.136221638842231,1.1855106535338369
2021-08-02,0.008170019032652576,0,1,1,0.0001,-0.0001,0.008170019032652576,1.1361080223592657,1.1952359720589605
2021-08-03,-0.00464320822964126,1,0,1,0.0001,-0.0047432082296412605,-0.00464320822964126,1.1307319853485263,1.1896991069136502
2021-08-04,0.005987499431546084,0,1,1,0.0001,-0.0001,0.005987499431546084,1.130618917803463,1.196843797711211
2021-08-05,0.0016738821949289218,0,0,0,0.0,0.0,0.0016738821949289218,1.130618917803463,1.1988488508775483
2021-08-06,-0.0009403678951880323,1,0,1,0.0001,-0.0010403678951880324,-0.0009403678951880323,1.1294432698389272,1.197722021806978
2021-08-09,0.0009922089864762285,0,1,1,0.0001,-0.0001,0.0009922089864762285,1.1293303311589713,1.1989110021212477
2021-08-10,0.00127489554566651,0,0,0,0.0,0.0,0.00127489554566651,1.1293303311589713,1.2004404631618764
2021-08-11,0.0057438592287510915,0,0,0,0.0,0.0,0.0057438592287510915,1.1293303311589713,1.207355464580546
2021-08-13,0.0026174309818660646,1,0,1,0.0001,0.0025174309818660648,0.0026174309818660646,1.1321769238703874,1.210519773553293
2021-08-16,-0.007085769790768026,1,1,0,0.0,-0.007085769790768026,-0.007085769790768026,1.1241829340580962,1.2019726264304906
2021-08-17,-0.010806639720144062,1,1,0,0.0,-0.010806639720144062,-0.010806639720144062,1.1120997012751168,1.1890532744247626
2021-08-18,0.0012559520255734924,1,1,0,0.0,0.0012559520255734924,0.0012559520255734924,1.1134973226365439,1.1905476065015588
2021-08-19,0.008108577149078755,1,1,0,0.0,0.008108577149078755,0.008108577149078755,1.122562906404073,1.2002404982908406
2021-08-20,0.008487698356534068,1,1,0,0.0,0.008487698356534068,0.008487698356534068,1.132131431674176,1.210471133449529
2021-08-23,0.0014945751943340468,1,1,0,0.0,0.0014945751943340468,0.0014945751943340468,1.1338247523109866,1.2122816262008014
2021-08-24,0.0022176660815187432,1,1,0,0.0,0.0022176660815187432,0.0022176660815187432,1.1363419871680984,1.2149730452758294
2021-08-25,-0.005841962859470584,1,1,0,0.0,-0.005841962859470584,-0.005841962859470584,1.1297228726191277,1.2078959101779403
2021-08-26,0.008769045552897481,1,1,0,0.0,0.008769045552897481,0.008769045552897481,1.1396730268685715,1.2185345817626616
2021-08-27,0.0042973414690568035,1,1,0,0.0,0.0042973414690568035,0.0042973414690568035,1.1445811293710915,1.2237823085133677
2021-08-30,-0.0013500571571327669,1,1,0,0.0,-0.0013500571571327669,-0.0013500571571327669,1.1430369220440881,1.2221312472133254
2021-08-31,0.0003117134648977782,1,1,0,0.0,0.0003117134648977782,0.0003117134648977782,1.1433932775810887,1.2225122613594888
2021-09-01,0.00283852816777852,1,1,0,0.0,0.00283852816777852,0.00283852816777852,1.1466434422660754,1.2259873265507408
2021-09-02,-0.0003350829692383428,0,1,1,0.0001,-0.0001,-0.0003350829692383428,1.1465287836548748,1.2255765878967189
2021-09-03,-0.0034012661634807984,1,0,1,0.0001,-0.003501266163480798,-0.0034012661634807984,1.142521500595227,1.2214151567967781
2021-09-07,-0.0013194454045599713,0,1,1,0.0001,-0.0001,-0.0013194454045599713,1.1424072541575845,1.2198046289165403
2021-09-08,-0.004616238276287987,1,0,1,0.0001,-0.0047162382762879875,-0.004616238276287987,1.137032074615463,1.21418669693162
2021-09-09,-0.007752617623131286,0,1,1,0.0001,-0.0001,-0.007752617623131286,1.1369183770929723,1.2048099658168148
2021-09-10,0.0022739222394125846,1,0,1,0.0001,0.002173922239412585,0.0022739222394125846,1.139392637687965,1.2075527272235937
2021-09-13,-0.00576317437780105,0,1,1,0.0001,-0.0001,-0.00576317437780105,1.1392787041209695,1.2006134057530422
2021-09-14,0.008438206673245574,1,0,1,0.0001,0.008338206673245575,0.008438206673245574,1.1488179602905326,1.2107872941240039
2021-09-15,-0.0015523011230360595,1,1,0,0.0,-0.0015523011230360595,-0.0015523011230360595,1.1470360322828503,1.2089092456730552
2021-09-16,-0.009152683146432139,1,1,0,0.0,-0.009152683146432139,-0.009152683146432139,1.1365854732047076,1.197894964398146
2021-09-17,-0.017123020373770004,1,1,0,0.0,-0.017123020373770004,-0.017123020373770004,1.117289372217927,1.1775579965681695
2021-09-20,-0.0008126796836602779,1,1,0,0.0,-0.0008126796836602779,-0.0008126796836602779,1.116381742700344,1.1766014078607792
2021-09-21,0.009474540664092146,1,1,0,0.0,0.009474540664092146,0.009474540664092146,1.1270092126166624,1.1878021428667929
2021-09-22,0.012061715863250555,0,1,1,0.0001,-0.0001,0.012061715863250555,1.126896517330259,1.2022158269493193
2021-09-23,0.0014599428049599794,0,0,0,0.0,0.0,0.0014599428049599794,1.126896517330259,1.2039722751408533
2021-09-24,-0.0027802175328766054,1,0,1,0.0001,-0.0028802175328766053,-0.0027802175328766054,1.123655479910251,1.2006296191209644
2021-09-27,-0.020574321587474742,1,1,0,0.0,-0.020574321587474742,-0.020574321587474742,1.100773231255079,1.176179860294812
2021-09-28,0.0015679363733056562,1,1,0,0.0,0.0015679363733056562,0.0015679363733056562,1.1025005274345099,1.178025482009917
2021-09-29,-0.01198122097381571,1,1,0,0.0,-0.01198122097381571,-0.01198122097381571,1.0893700416898524,1.1639955143015401
2021-09-30,0.011425952216360002,1,1,0,0.0,0.011425952216360002,0.011425952216360002,1.1018885132684446,1.1773715428370681
2021-10-01,-0.01307093399993775,1,1,0,0.0,-0.01307093399993775,-0.01307093399993775,1.0875795209064902,1.1620823368867619
2021-10-04,0.010469458977262036,1,1,0,0.0,0.010469458977262036,0.010469458977262036,1.0990257032023907,1.174312620755812
2021-10-05,0.004094493547635025,1,1,0,0.0,0.004094493547635025,0.004094493547635025,1.103534881954841,1.1791306932565886
2021-10-06,0.008264047735016433,0,1,1,0.0001,-0.0001,0.008264047735016433,1.103424533984136,1.188915460797426
2021-10-07,-0.0019155742909777729,1,0,1,0.0001,-0.0020155742909777727,-0.0019155742909777729,1.1012027397092907,1.1866401848323942
2021-10-08,-0.0068894637904683975,1,1,0,0.0,-0.0068894637904683975,-0.0068894637904683975,1.0936421175296742,1.1784929674516635
2021-10-11,-0.0024196966754637117,1,1,0,0.0,-0.0024196966754637117,-0.0024196966754637117,1.0909990343531175,1.1756448191533904
2021-10-12,0.0030179781813099993,1,1,0,0.0,0.0030179781813099993,0.0030179781813099993,1.094296619151192,1.1791982489562627
2021-10-13,0.016919170336134215,1,1,0,0.0,0.016919170336134215,0.016919170336134215,1.1129687228823446,1.1993190385472818
2021-10-14,0.007432441620920827,1,1,0,0.0,0.007432441620920827,0.007432441620920827,1.1212716151001576,1.2082661154121561
2021-10-15,0.003369122716966544,0,1,1,0.0001,-0.0001,0.003369122716966544,1.1211594935448188,1.2123437774445012
2021-10-18,0.0073661600060432875,1,0,1,0.0001,0.007266160006043287,0.0073661600060432875,1.1293356866074977,1.221307067677298
2021-10-19,0.0036573205869530057,1,1,0,0.0,0.0036573205869530057,0.0036573205869530057,1.1334735914736533,1.2257819572237298
2021-10-20,0.0029914274720983514,1,1,0,0.0,0.0029914274720983514,0.0029914274720983514,1.1368693720975087,1.229454285058029
2021-10-21,-0.0010731549583589128,1,1,0,0.0,-0.0010731549583589128,-0.0010731549583589128,1.1356499895041003,1.2281355978003847
2021-10-22,0.004736942230948671,1,1,0,0.0,0.004736942230948671,0.004736942230948671,1.1410422592511802,1.2339670057962784
2021-10-25,0.00181812861650954,0,1,1,0.0001,-0.0001,0.00181812861650954,1.1409281607302764,1.2362125572534544
2021-10-26,-0.005064400451443518,1,0,1,0.0001,-0.005164400451443518,-0.005064400451443518,1.1350511395295864,1.2299677083755551
2021-10-27,0.009781344040089124,1,1,0,0.0,0.009781344040089124,0.009781344040089124,1.146207940531096,1.2420574763892818
2021-10-28,0.0019474456805763651,1,1,0,0.0,0.0019474456805763651,0.0019474456805763651,1.1484422931679648,1.244478672665611
2021-10-29,0.0017984504334940254,1,1,0,0.0,0.0017984504334940254,0.0017984504334940254,1.1505095680964976,1.2467188196668144
2021-11-01,0.0036736112761168727,1,1,0,0.0,0.0036736112761168727,0.0036736112761168727,1.1547438658391365,1.251307202788699
2021-11-02,0.006440511240473512,1,1,0,0.0,0.006440511240473512,0.006440511240473512,1.1622050076801105,1.2593922689257286
2021-11-03,0.0041731721062596705,0,1,1,0.0001,-0.0001,0.0041731721062596705,1.1620887929901738,1.264658911272343
2021-11-04,0.0037259083006286886,1,0,1,0.0001,0.0036259083006286888,0.0037259083006286886,1.1663100687453118,1.2693797035655892
2021-11-05,0.000887306784404629,0,1,1,0.0001,-0.0001,0.000887306784404629,1.1661934435697932,1.2705065326361573
2021-11-08,-0.003504869385574594,1,0,1,0.0001,-0.0036048693855745936,-0.003504869385574594,1.161997036820907,1.266061367597584
2021-11-09,-0.008259833757376711,1,1,0,0.0,-0.008259833757376711,-0.008259833757376711,1.1524386640981954,1.25564698093578
2021-11-10,0.0005507757255749368,1,1,0,0.0,0.0005507757255749368,0.0005507757255749368,1.1530735741700722,1.2563387513004454
2021-11-11,0.0071966809110382,1,1,0,0.0,0.0071966809110382,0.0071966809110382,1.1614018086285205,1.2654128328807082
2021-11-12,-1.0677315508189622e-05,1,1,0,0.0,-1.0677315508189622e-05,-1.0677315508189622e-05,1.1613894080411806,1.2653993217407749
2021-11-15,0.0038577581225869295,0,1,1,0.0001,-0.0001,0.0038577581225869295,1.16127327490713,1.2702903543972
2021-11-16,-0.0026050195943359,1,0,1,0.0001,-0.0027050195943359,-0.0026050195943359,1.1581362527102161,1.266985529569129
2021-11-17,0.0033790397745132594,1,1,0,0.0,0.0033790397745132594,0.0033790397745132594,1.1620562603734779,1.2712739653844574
2021-11-18,-0.001399627987058949,1,1,0,0.0,-0.001399627987058949,-0.001399627987058949,1.16043095158808,1.269495899369028
2021-11-19,-0.003202254119567982,1,1,0,0.0,-0.003202254119567982,-0.003202254119567982,1.1567209002268823,1.2654371529325912
2021-11-22,0.001655707232783854,0,1,1,0.0001,-0.0001,0.001655707232783854,1.1566052339202713,1.2675340818504857
2021-11-23,0.0022912737234968006,1,0,1,0.0001,0.0021912737234968008,0.0022912737234968006,1.159142451431609,1.2704416791644704
2021-11-24,-0.0229870449732843,1,1,0,0.0,-0.0229870449732843,-0.0229870449732843,1.1328011065066377,1.241571075351626
2021-11-26,0.01311385739268367,1,1,0,0.0,0.01311385739268367,0.01311385739268367,1.1477543316067826,1.257960088092631
2021-11-29,-0.019143376992335703,1,1,0,0.0,-0.019143376992335703,-0.019143376992335703,1.1259914102615274,1.2341075216516015
2021-11-30,-0.011885550113429844,1,1,0,0.0,-0.011885550113429844,-0.011885550113429844,1.1126876010875155,1.219526299433883
2021-12-01,0.014094625715696196,1,1,0,0.0,0.014094625715696196,0.014094625715696196,1.1284815598660025,1.2368367719184454
2021-12-02,-0.008484472537633181,1,1,0,0.0,-0.008484472537633181,-0.008484472537633181,1.1189474920239162,1.2263872562928133
2021-12-03,0.011662655055921789,1,1,0,0.0,0.011662655055921789,0.011662655055921789,1.1320737855825578,1.240773918095468
2021-12-06,0.020495586171746183,1,1,0,0.0,0.020495586171746183,0.020495586171746183,1.1555157087898424,1.2664667017956295
2021-12-07,0.0030805438956171827,1,1,0,0.0,0.0030805438956171827,0.0030805438956171827,1.1590808140651618,1.270374123464796
2021-12-08,-0.007207038387209153,1,1,0,0.0,-0.007207038387209153,-0.007207038387209153,1.150757304100101,1.2612514017807666
2021-12-09,0.009503806818878857,1,1,0,0.0,0.009503806818878857,0.009503806818878857,1.1617460137903475,1.2732952319187154
2021-12-10,-0.009178200213042942,1,1,0,0.0,-0.009178200213042942,-0.009178200213042942,1.1511320592881011,1.2616621404347867
2021-12-13,-0.007498643121873982,1,1,0,0.0,-0.007498643121873982,-0.007498643121873982,1.1425324139213573,1.2522367692162177
2021-12-14,0.016216212899903937,0,1,1,0.0001,-0.0001,0.016216212899903937,1.1424181663924367,1.2727088484455422
2021-12-15,-0.008781825842753221,1,0,1,0.0001,-0.00888182584275322,-0.008781825842753221,1.1323163349610428,1.261581073595178
2021-12-16,-0.010341010906644854,1,1,0,0.0,-0.010341010906644854,-0.010341010906644854,1.1206673742145825,1.2486022725737365
2021-12-17,-0.011453373010201773,1,1,0,0.0,-0.011453373010201773,-0.011453373010201773,1.1079051773693034,1.2343831489062729
2021-12-20,0.017621763861807693,1,1,0,0.0,0.017621763861807693,0.017621763861807693,1.1276014526601632,1.2563279423884972
2021-12-21,0.01012871135227833,1,1,0,0.0,0.01012871135227833,0.01012871135227833,1.1390806388381787,1.2691175874508533
2021-12-22,0.0062044168953239165,1,1,0,0.0,0.0062044168953239165,0.0062044168953239165,1.1461699397463405,1.2770161998567813
2021-12-23,0.013744072068897495,1,1,0,0.0,0.013744072068897495,0.013744072068897495,1.162031735141272,1.2946887708916
2021-12-27,-0.00101069803143794,1,1,0,0.0,-0.00101069803143794,-0.00101069803143794,1.160857865268008,1.2933808925459038
2021-12-28,0.0014009215802239794,1,1,0,0.0,0.0014009215802239794,0.0014009215802239794,1.162485275774123,1.2951940875251633
2021-12-29,-0.0029942175300767815,1,1,0,0.0,-0.0029942175300767815,-0.0029942175300767815,1.1590097478229098,1.291321794819828
2021-12-30,-0.0026296753415451235,1,1,0,0.0,-0.0026296753415451235,-0.0026296753415451235,1.155965932345749,1.287930498696175
2021-12-31,0.006353848835551901,1,1,0,0.0,0.006353848835551901,0.006353848835551901,1.1633341486163598,1.2961398673206048
2022-01-03,-0.000629816185405474,1,1,0,0.0,-0.000629816185405474,-0.000629816185405474,1.1626016926210585,1.2953237944685383
2022-01-04,-0.01958327277580274,1,1,0,0.0,-0.01958327277580274,-0.01958327277580274,1.1400556299312603,1.2702038831016158
2022-01-05,-0.0009641755290861198,0,1,1,0.0001,-0.0001,-0.0009641755290861198,1.1399416300683551,1.2689797738235156
2022-01-06,-0.004058436737205184,1,0,1,0.0001,-0.004158436737205185,-0.004058436737205184,1.1352110975426606,1.263840136192289
2022-01-07,-0.0014421248375171558,0,1,1,0.0001,-0.0001,-0.0014421248375171558,1.1350975821087725,1.2620188345290682
2022-01-10,0.009118332112992178,1,0,1,0.0001,0.009018332112992179,0.009118332112992178,1.1453805670785637,1.2735789658573493
2022-01-11,0.002813734056029915,1,1,0,0.0,0.002813734056029915,0.002813734056029915,1.1486079016886586,1.2771675246240513
2022-01-12,-0.014345962458905959,1,1,0,0.0,-0.014345962458905959,-0.014345962458905959,1.132247648228445,1.258976125815734
2022-01-13,0.0008195772127130851,1,1,0,0.0,0.0008195772127130851,0.0008195772127130851,1.1331759929732155,1.2600083769067576
2022-01-14,-0.018559054584436296,1,1,0,0.0,-0.018559054584436296,-0.018559054584436296,1.1123392708746016,1.2368394741464321
2022-01-18,-0.009736769104655707,1,1,0,0.0,-0.009736769104655707,-0.009736769104655707,1.1015612369922418,1.2248550930241968
2022-01-19,-0.011098789654239383,1,1,0,0.0,-0.011098789654239383,-0.011098789654239383,1.0894028371019502,1.2113358464053605
2022-01-20,-0.01909598635863574,1,1,0,0.0,-0.01909598635863574,-0.01909598635863574,1.068796986078606,1.188423655303797
2022-01-21,0.0027679180076169985,1,1,0,0.0,0.0027679180076169985,0.0027679180076169985,1.0717594265076023,1.1917176712199202
2022-01-24,-0.012246661962160843,1,1,0,0.0,-0.012246661962160843,-0.012246661962160843,1.058713995643902,1.1772121113858365
2022-01-25,-0.00149775250307016,1,1,0,0.0,-0.00149775250307016,-0.00149775250307016,1.0571294910009934,1.1754502587383284
2022-01-26,-0.005398540617997938,1,1,0,0.0,-0.005398540617997938,-0.005398540617997938,1.0514379114401182,1.1691216407928338
2022-01-27,0.024055891707797983,1,1,0,0.0,0.024055891707797983,0.024055891707797983,1.0770378683548365,1.19758691040763
2022-01-28,0.01870989151139746,1,1,0,0.0,0.01870989151139746,0.01870989151139746,1.0973788251970813,1.2202045586586137
2022-01-31,0.006839508503304614,1,1,0,0.0,0.006839508503304614,0.006839508503304614,1.1049100826945863,1.2285787631902503
2022-02-01,0.009378434574516703,0,1,1,0.0001,-0.0001,0.009378434574516703,1.1047995972106832,1.2401551078864508
2022-02-02,-0.02469348416817496,1,0,1,0.0001,-0.02479348416817496,-0.02469348416817496,1.077744546295294,1.2099063678002506
2022-02-03,0.0051437130908578155,1,1,0,0.0,0.0051437130908578155,0.0051437130908578155,1.0833024368698094,1.2161458122221767
2022-02-04,-0.0037086548006097786,1,1,0,0.0,-0.0037086548006097786,-0.0037086548006097786,1.0792922828216749,1.2116439003958759
2022-02-07,0.00836613096277894,1,1,0,0.0,0.00836613096277894,0.00836613096277894,1.0883596599521208,1.2218231932228116
2022-02-08,0.014412812398356678,1,1,0,0.0,0.014412812398356678,0.014412812398356678,1.1041595706195615,1.2395606177293177
2022-02-09,-0.018281803510330263,1,1,0,0.0,-0.018281803510330263,-0.018281803510330263,1.0841569414839074,1.2171051031575524
2022-02-10,-0.019151696234066762,1,1,0,0.0,-0.019151696234066762,-0.019151696234066762,1.0635910614195239,1.1940172672368348
2022-02-11,-0.003847942065318577,1,1,0,0.0,-0.003847942065318577,-0.003847942065318577,1.0595062886586093,1.1894315863429383
2022-02-14,0.01564373921237383,1,1,0,0.0,0.01564373921237383,0.01564373921237383,1.0762112521004192,1.2081850485725478
2022-02-15,0.0008808327792149129,1,1,0,0.0,0.0008808327792149129,0.0008808327792149129,1.077159631869305,1.209249726399415
2022-02-16,-0.021400503004024074,1,1,0,0.0,-0.021400503004024074,-0.021400503004024074,1.0543527833662583,1.1836461162228238
2022-02-17,-0.007192042117619479,1,1,0,0.0,-0.007192042117619479,-0.007192042117619479,1.0467970369334294,1.1751638225717096
2022-02-18,-0.010194654042816609,1,1,0,0.0,-0.010194654042816609,-0.010194654042816609,1.0361795162213507,1.1632442949211608
2022-02-22,-0.01858379019433265,1,1,0,0.0,-0.01858379019433265,-0.01858379019433265,1.0171011963020757,1.141826435896396
2022-02-23,0.01484605971153563,1,1,0,0.0,0.01484605971153563,0.01484605971153563,1.0323137854882765,1.15890451677408
2022-02-24,0.022126148364755238,1,1,0,0.0,0.022126148364755238,0.022126148364755238,1.0554094806214387,1.1848323943091057
2022-02-25,-0.002445600339324727,1,1,0,0.0,-0.002445600339324727,-0.002445600339324727,1.052831524447639,1.1819383081350563
2022-02-28,-0.015594426756136315,1,1,0,0.0,-0.015594426756136315,-0.015594426756136315,1.036540574508998,1.1636496291192069
2022-03-01,0.018470983448990452,1,1,0,0.0,0.018470983448990452,0.018470983448990452,1.0558644140638755,1.1853431153986456
2022-03-02,-0.005268565551901361,1,1,0,0.0,-0.005268565551901361,-0.005268565551901361,1.0503161517103636,1.179114479888667
2022-03-03,-0.007965657901415568,1,1,0,0.0,-0.007965657901415568,-0.007965657901415568,1.0419829264314677,1.1697593665977597
2022-03-04,-0.029962522550535553,1,1,0,0.0,-0.029962522550535553,-0.029962522550535553,1.0112255744344305,1.1352302973801893
2022-03-07,-0.007260127998096166,1,1,0,0.0,-0.007260127998096166,-0.007260127998096166,1.0039105335266978,1.1270182265277704
2022-03-08,0.025373672345635256,0,1,1,0.0001,-0.0001,0.025373672345635256,1.0038101474927306,1.1559807060921714
2022-03-09,-0.004301081899390269,1,0,1,0.0001,-0.004401081899390269,-0.004301081899390269,0.9994020042372218,1.151019415508085
2022-03-10,-0.013046288284511931,1,1,0,0.0,-0.013046288284511931,-0.013046288284511931,0.9864482008382623,1.136100414791995
2022-03-11,-0.007448628397105139,1,1,0,0.0,-0.007448628397105139,-0.007448628397105139,0.979127812031025,1.1276694634726316
2022-03-14,0.02118255114065626,1,1,0,0.0,0.02118255114065626,0.02118255114065626,1.0000894638271316,1.1518111683082681
2022-03-15,0.0221369988429565,1,1,0,0.0,0.0221369988429565,0.0221369988429565,1.0224753066508019,1.177593125532001
2022-03-16,0.012272191404502308,1,1,0,0.0,0.012272191404502308,0.012272191404502308,1.0351006310648203,1.1921338143299134
2022-03-17,0.011594770446318847,1,1,0,0.0,0.011594770446318847,0.011594770446318847,1.0471722337613698,1.2060367773229015
2022-03-18,-0.00043476799985597836,1,1,0,0.0,-0.00043476799985597836,-0.00043476799985597836,1.0467170557393817,1.2055125450934285
2022-03-21,0.011240769260245642,1,1,0,0.0,0.011240769260245642,0.011240769260245642,1.0585493380326167,1.2191398808317442
2022-03-22,-0.012348713151043356,1,1,0,0.0,-0.012348713151043356,-0.012348713151043356,1.0455579941782354,1.2041776444678625
2022-03-23,0.014242030309045361,1,1,0,0.0,0.014242030309045361,0.014242030309045361,1.0605554061192155,1.2214502857606084
2022-03-24,0.005053402374178617,1,1,0,0.0,0.005053402374178617,0.005053402374178617,1.0659283838014506,1.2276383878507822
2022-03-25,0.007119559648820939,1,1,0,0.0,0.007119559648820939,0.007119559648820939,1.073544403695133,1.2364098198965032
2022-03-28,0.01218202728525597,1,1,0,0.0,0.01218202728525597,0.01218202728525597,1.0867023333204489,1.251563914447461
2022-03-29,-0.006313610350948906,1,1,0,0.0,-0.006313610350948906,-0.006313610350948906,1.0798629315983028,1.2436869198654281
2022-03-30,-0.01577632727939715,1,1,0,0.0,-0.01577632727939715,-0.01577632727939715,1.0629603415446702,1.2242200694472585
2022-03-31,0.0034044855260564333,1,1,0,0.0,0.0034044855260564333,0.0034044855260564333,1.06658534177133,1.2283950116871343
2022-04-01,0.00805832262263273,1,1,0,0.0,0.00805832262263273,0.00805832262263273,1.0752149539613995,1.2383338062232292
2022-04-04,-0.012631155137048822,1,1,0,0.0,-0.012631155137048822,-0.012631155137048822,1.06171916023729,1.2227905908421492
2022-04-05,-0.009764386222700594,1,1,0,0.0,-0.009764386222700594,-0.009764386222700594,1.0514025738317065,1.210908894383419
2022-04-06,0.004244352439510379,1,1,0,0.0,0.004244352439510379,0.004244352439510379,1.0558745805838186,1.2160593409265923
2022-04-07,-0.0026545074879766872,1,1,0,0.0,-0.0026545074879766872,-0.0026545074879766872,1.0530754703764367,1.2128355829381317
2022-04-08,-0.017021333762949453,1,1,0,0.0,-0.017021333762949453,-0.017021333762949453,1.0353024110127131,1.1923662059367945
2022-04-11,-0.0034233936348684324,1,1,0,0.0,-0.0034233936348684324,-0.0034233936348684324,1.031764223089215,1.1882912461324355
2022-04-12,0.011112682823132047,1,1,0,0.0,0.011112682823132047,0.011112682823132047,1.043293835460612,1.2015699944604308
2022-04-13,-0.012218479951524586,1,1,0,0.0,-0.012218479951524586,-0.012218479951524586,1.0306239317557804,1.1869779633307658
2022-04-14,-0.00020491150171686456,1,1,0,0.0,-0.00020491150171686456,-0.00020491150171686456,1.0304127666940328,1.1867347628119376
2022-04-18,0.01593004016149635,1,1,0,0.0,0.01593004016149635,0.01593004016149635,1.0469587224211578,1.205790874576086
2022-04-19,-0.000618718957692721,1,1,0,0.0,-0.000618718957692721,-0.000618718957692721,1.0463111495651336,1.2050450596516813
2022-04-20,-0.01486284731647558,1,1,0,0.0,-0.01486284731647558,-0.01486284731647558,1.0308749835514128,1.1872671017253718
2022-04-21,-0.02813199052103066,1,1,0,0.0,-0.02813199052103066,-0.02813199052103066,1.0022785416339117,1.1543323470201168
2022-04-22,0.005681687572860028,1,1,0,0.0,0.005681687572860028,0.005681687572860028,1.0079893834149412,1.1609095699404137
2022-04-25,-0.028550028430272434,1,1,0,0.0,-0.028550028430272434,-0.028550028430272434,0.9796181842299716,1.1282342291219098
2022-04-26,0.002095905140411247,1,1,0,0.0,0.002095905140411247,0.002095905140411247,0.9816735241643118,1.130601380838501
2022-04-27,0.024445646004581434,1,1,0,0.0,0.024445646004581434,0.024445646004581434,1.0059668913790971,1.158580249415643
2022-04-28,-0.03695920232685879,1,1,0,0.0,-0.03695920232685879,-0.03695920232685879,0.969465837316859,1.1165416886222688
2022-04-29,0.005659270037375208,1,1,0,0.0,0.005659270037375208,0.005659270037375208,0.9749678603146055,1.1228784132517253
2022-05-02,0.004825441551572496,1,1,0,0.0,0.004825441551572496,0.004825441551572496,0.9796838800269594,1.128309891505545
2022-05-03,0.02942523504760608,1,1,0,0.0,0.02942523504760608,0.02942523504760608,1.0089396261928036,1.1620039722751387
2022-05-04,-0.03630072399124984,1,1,0,0.0,-0.03630072399124984,-0.03630072399124984,0.9729711773418621,1.120578817234809
2022-05-05,-0.005690318260649363,1,1,0,0.0,-0.005690318260649363,-0.005690318260649363,0.9674503841164046,1.1142204747814566
2022-05-06,-0.032561554986877184,1,1,0,0.0,-0.032561554986877184,-0.032561554986877184,0.9364560456088414,1.078524043073514
2022-05-09,0.002454867109817016,1,1,0,0.0,0.002454867109817016,0.002454867109817016,0.9387577447818863,1.0811749287287367
2022-05-10,-0.016600202520525187,1,1,0,0.0,-0.016600202520525187,-0.016600202520525187,0.9233028085404524,1.063375352978529
2022-05-11,-0.0012968422441890226,1,1,0,0.0,-0.0012968422441890226,-0.0012968422441890226,0.9221062065238849,1.0619972167051714
2022-05-12,0.023589314531626826,1,1,0,0.0,0.023589314531626826,0.023589314531626826,0.9441166447933365,1.0873468174509866
2022-05-13,-0.003954237650276582,1,1,0,0.0,-0.003954237650276582,-0.003954237650276582,0.9403907545927301,1.08305567940767
2022-05-16,0.019968898134441915,1,1,0,0.0,0.019968898134441915,0.019968898134441915,0.9593580696945588,1.104900490454379
2022-05-17,-0.04123376798544065,1,1,0,0.0,-0.04123376798544065,-0.04123376798544065,0.9206045883070157,1.0602677907935074
2022-05-18,-0.005850892213604908,1,1,0,0.0,-0.005850892213604908,-0.005850892213604908,0.9152339569032455,1.0540823909313217
2022-05-19,0.00014611357151927962,1,1,0,0.0,0.00014611357151927962,0.00014611357151927962,0.9153676947756856,1.0542364179265795
2022-05-20,0.01838502294652855,1,1,0,0.0,0.01838502294652855,0.01838502294652855,0.9323524045755527,1.0737978463242928
2022-05-23,-0.008153945948249586,1,1,0,0.0,-0.008153945948249586,-0.008153945948249586,0.924780963972683,1.0650777566103233
2022-05-24,0.009406385602540368,1,1,0,0.0,0.009406385602540368,0.009406385602540368,0.9335208512505554,1.075143555861808
2022-05-25,0.019688139439344,1,1,0,0.0,0.019688139439344,0.019688139439344,0.9520822601781348,1.0965208814667682
2022-05-26,0.024441095491292586,1,1,0,0.0,0.024441095491292586,0.024441095491292586,0.975638895955268,1.1236512504559992
2022-05-27,-0.006294055196399029,1,1,0,0.0,-0.006294055196399029,-0.006294055196399029,0.9695174554430632,1.1166011376379814
2022-05-31,-0.0075109239121431415,1,1,0,0.0,-0.0075109239121431415,-0.0075109239121431415,0.9622627624328144,1.108245848702254
2022-06-01,0.018263262738202002,1,1,0,0.0,0.018263262738202002,0.018263262738202002,0.979998281341116,1.128671990055799
2022-06-02,-0.01648245720240027,1,1,0,0.0,-0.01648245720240027,-0.01648245720240027,0.9639778919898943,1.1102211773607324
2022-06-03,0.0031324562641241727,1,1,0,0.0,0.0031324562641241727,0.0031324562641241727,0.9670022449298076,1.1137043492359442
2022-06-06,0.009478331934065665,1,1,0,0.0,0.009478331934065665,0.009478331934065665,0.9762113879004497,1.1243105940848215
2022-06-07,-0.010852585537421078,1,1,0,0.0,-0.010852585537421078,-0.010852585537421078,0.9656742513192634,1.1121748881953153
2022-06-08,-0.024086469933733312,1,1,0,0.0,-0.024086469933733312,-0.024086469933733312,0.9426924537657762,1.0857065650628943
2022-06-09,-0.029542425335362665,1,1,0,0.0,-0.029542425335362665,-0.029542425335362665,0.9152503808524921,1.05410130652723
2022-06-10,-0.03953987319895802,1,1,0,0.0,-0.03953987319895802,-0.03953987319895802,0.8797676116435684,1.0132355126802033
2022-06-13,-0.003780844063994593,1,1,0,0.0,-0.003780844063994593,-0.003780844063994593,0.8764476276172101,1.0094118600786341
2022-06-14,0.014487056184645297,1,1,0,0.0,0.014487056184645297,0.014487056184645297,0.8892371915237001,1.0241417048356367
2022-06-15,-0.03305221501708466,1,1,0,0.0,-0.03305221501708466,-0.03305221501708466,0.8603263482920418,0.9908448515801267
2022-06-16,0.002198428750711301,1,1,0,0.0,0.002198428750711301,0.002198428750711301,0.8622197950123758,0.9930255495656165
2022-06-17,0.024182488501784505,1,1,0,0.0,0.024182488501784505,0.024182488501784505,0.8833245697947779,1.0173320903084588
2022-06-21,-0.0013023811491290616,1,1,0,0.0,-0.0013023811491290616,-0.0013023811491290616,0.8821748933474873,1.0160079985948407
2022-06-22,0.009487049060657782,1,1,0,0.0,0.009487049060657782,0.009487049060657782,0.8905839553619547,1.0256927837001606
2022-06-23,0.03010553708080721,1,1,0,0.0,0.03010553708080721,0.03010553708080721,0.9178031318211703,1.05704133057706
2022-06-24,-0.0029775299301260105,1,1,0,0.0,-0.0029775299301260105,-0.0029775299301260105,0.915074409967703,1.053898639428207
2022-06-27,-0.02034865838324862,1,1,0,0.0,-0.02034865838324862,-0.02034865838324862,0.896642046355635,1.0326699363625296
2022-06-28,-0.0007120065009615928,1,1,0,0.0,-0.0007120065009615928,-0.0007120065009615928,0.8960038586134659,1.0319349303500727
2022-06-29,-0.00879781483060782,1,1,0,0.0,-0.00879781483060782,-0.00879781483060782,0.8881555571518616,1.022895977733641
2022-06-30,0.010498459915641689,1,1,0,0.0,0.010498459915641689,0.010498459915641689,0.8975289396149738,1.0336913785416069
2022-07-01,0.0015829235665787422,1,1,0,0.0,0.0015829235665787422,0.0015829235665787422,0.8989507843640707,1.0353289287017127
2022-07-05,0.0035667473495824,1,1,0,0.0,0.0035667473495824,0.0035667473495824,0.9021628395810931,1.0390282788158827
2022-07-06,0.014853713471199015,1,1,0,0.0,0.014853713471199015,0.014853713471199015,0.9156633258621317,1.0545768986529385
2022-07-07,-0.0008305563153676587,1,1,0,0.0,-0.0008305563153676587,-0.0008305563153676587,0.9149031316398425,1.0537013767851593
2022-07-08,-0.011594429978107001,1,1,0,0.0,-0.011594429978107001,-0.011594429978107001,0.9043566099447998,1.041554861983704
2022-07-11,-0.009286899019016914,1,1,0,0.0,-0.009286899019016914,-0.009286899019016914,0.8959968197780739,1.0319268236661112
2022-07-12,-0.004466859031662551,1,1,0,0.0,-0.004466859031662551,-0.004466859031662551,0.8920034538325877,1.0273276316322795
2022-07-13,-0.0030031001895842735,1,1,0,0.0,-0.0030031001895842735,-0.0030031001895842735,0.8893286963837901,1.024247091727128
2022-07-14,0.01901922349251528,1,1,0,0.0,0.01901922349251528,0.01901922349251528,0.9064049110437482,1.043913907016334
2022-07-15,-0.00839879072885985,1,1,0,0.0,-0.00839879072885985,-0.00839879072885985,0.8988240853270238,1.0351830083904177
2022-07-18,0.02725355801980278,1,1,0,0.0,0.02725355801980278,0.02725355801980278,0.9236570965884964,1.0637833894045639
2022-07-19,0.005878503718333761,1,1,0,0.0,0.005878503718333761,0.005878503718333761,0.9291028089031095,1.070055260562332
2022-07-20,0.009813054238449581,0,1,1,0.0001,-0.0001,0.009813054238449581,0.9290099032675784,1.080607460851471
2022-07-21,-0.009376269923423663,1,0,1,0.0001,-0.009476269923423663,-0.009376269923423663,0.9202479356163441,1.0705227460040785
2022-07-22,0.0013142512363462089,1,1,0,0.0,0.0013142512363462089,0.0013142512363462089,0.9214581677037831,1.0719306067852925
2022-07-25,-0.011610332895749309,1,1,0,0.0,-0.011610332895749309,-0.011610332895749309,0.9108215981675392,1.0595571048329337
2022-07-26,0.025820034533563074,0,1,1,0.0001,-0.0001,0.025820034533563074,0.9107305205616787,1.0872711550673513
2022-07-27,0.012060363275690378,1,0,1,0.0001,0.011960363275690378,0.012060363275690378,0.9216885890445211,1.1004634320997646
2022-07-28,0.01410774953829197,1,1,0,0.0,0.01410774953829197,0.01410774953829197,0.9347836948565588,1.1160985232324037
2022-07-29,-0.002827038634318768,1,1,0,0.0,-0.002827038634318768,-0.002827038634318768,0.9321447571834105,1.1129477253995903
2022-08-01,-0.006684702509966556,1,1,0,0.0,-0.006684702509966556,-0.006684702509966556,0.925934427016071,1.1055328118033312
2022-08-02,0.015517460750034573,1,1,0,0.0,0.015517460750034573,0.015517460750034573,0.9404146356205317,1.1228216664639976
2022-08-03,-0.0007776471390830153,0,1,1,0.0001,-0.0001,-0.0007776471390830153,0.9403205988588862,1.121948846824205
2022-08-04,-0.0016270689959387852,1,0,1,0.0001,-0.0017270689959387852,-0.0016270689959387852,0.9386980018781427,1.1201248429329964
2022-08-05,-0.001238345410353503,1,1,0,0.0,-0.001238345410353503,-0.001238345410353503,0.9375362889651929,1.1187385999756796
2022-08-08,-0.004257782198347826,1,1,0,0.0,-0.004257782198347826,-0.004257782198347826,0.9335529497568489,1.1139853809465903
2022-08-09,0.021067154907855823,1,1,0,0.0,0.021067154907855823,0.021067154907855823,0.9534288839419742,1.1377028359882706
2022-08-10,-0.0007056718966165221,1,1,0,0.0,-0.0007056718966165221,-0.0007056718966165221,0.9527563133081615,1.13690027427614
2022-08-11,0.017174074409835427,1,1,0,0.0,0.017174074409835427,0.017174074409835427,0.9692603361338644,1.1565941118452148
2022-08-12,0.0039616294239337435,1,1,0,0.0,0.0039616294239337435,0.0039616294239337435,0.973107802486894,1.161185197195087
2022-08-15,0.001873909275516894,1,1,0,0.0,0.001873909275516894,0.001873909275516894,0.9749330278433026,1.1633631929525874
2022-08-16,-0.007264078640478289,1,1,0,0.0,-0.007264078640478289,-0.007264078640478289,0.9678766975572309,1.154943050545173
2022-08-17,0.002266944033161522,1,1,0,0.0,0.002266944033161522,0.002266944033161522,0.9700733087181715,1.1575642116925393
2022-08-18,-0.01298386938135998,1,1,0,0.0,-0.01298386938135998,-0.01298386938135998,0.9575594187435774,1.1426316998365136
2022-08-19,-0.021632427725286618,1,1,0,0.0,-0.021632427725286618,-0.021632427725286618,0.9370675276143529,1.1181792387823755
2022-08-22,-0.00224030906405126,1,1,0,0.0,-0.00224030906405126,-0.00224030906405126,0.9349705565473101,1.1156769756664353
2022-08-23,0.002911907251338164,1,1,0,0.0,0.002911907251338164,0.002911907251338164,0.9376970718439832,1.1189304581627544
2022-08-24,0.013993218645289573,1,1,0,0.0,0.013993218645289573,0.013993218645289573,0.950910707023453,1.1346979584667543
2022-08-25,-0.03426852674898484,1,1,0,0.0,-0.03426852674898484,-0.03426852674898484,0.9188764168351433,1.0964722413630028
2022-08-26,-0.006688723509263639,1,1,0,0.0,-0.006688723509263639,-0.006688723509263639,0.9127508156079854,1.0891627146582352
2022-08-29,-0.01108936779165326,1,1,0,0.0,-0.01108936779165326,-0.01108936779165326,0.9026849015766666,1.0771513112561304
2022-08-30,-0.007847760257099878,1,1,0,0.0,-0.007847760257099878,-0.007847760257099878,0.8956285712905936,1.0687311688487144
2022-08-31,0.002991727649110487,1,1,0,0.0,0.002991727649110487,0.002991727649110487,0.8983120601830825,1.07193330901328
2022-09-01,-0.010794530441165406,1,1,0,0.0,-0.010794530441165406,-0.010794530441165406,0.8886673520032435,1.0604245200167535
2022-09-02,-0.0041034472098147035,1,1,0,0.0,-0.0041034472098147035,-0.0041034472098147035,0.885028224028366,1.056082039641684
2022-09-06,0.01817480422855766,1,1,0,0.0,0.01817480422855766,0.01817480422855766,0.9012605011434369,1.0754516098523215
2022-09-07,0.006589013388980547,0,1,1,0.0001,-0.0001,0.006589013388980547,0.9011703795994749,1.0825611716860537
2022-09-08,0.015155971507018862,1,0,1,0.0001,0.015055971507018862,0.015155971507018862,0.9148410293742458,1.099093402510369
2022-09-09,0.01052863988146946,1,1,0,0.0,0.01052863988146946,0.01052863988146946,0.9245239456429222,1.1107264939942982
2022-09-12,-0.04419911011958355,1,1,0,0.0,-0.04419911011958355,-0.04419911011958355,0.8845507080292375,1.0627024982097721
2022-09-13,0.003381271704881783,1,1,0,0.0,0.003381271704881783,0.003381271704881783,0.8875466765472112,1.0663018658884234
2022-09-14,-0.011382294724738173,1,1,0,0.0,-0.011382294724738173,-0.011382294724738173,0.8775016349546665,1.0542337156985921
2022-09-15,-0.0072080449142468694,1,1,0,0.0,-0.0072080449142468694,-0.0072080449142468694,0.8711993047839743,1.0466620728790876
2022-09-16,0.006833745439536187,1,1,0,0.0,0.006833745439536187,0.006833745439536187,0.8771732480150086,1.0538391904124937
2022-09-19,-0.011336124553071869,1,1,0,0.0,-0.011336124553071869,-0.011336124553071869,0.8672856522154508,1.0419601961817513
2022-09-20,-0.01726467378977503,1,1,0,0.0,-0.01726467378977503,-0.01726467378977503,0.852440763162428,1.0241254914677138
2022-09-21,-0.00846330926893124,1,1,0,0.0,-0.00846330926893124,-0.00846330926893124,0.8452567365510114,1.0154945752773152
2022-09-22,-0.01738282607756858,1,1,0,0.0,-0.01738282607756858,-0.01738282607756858,0.8306907514741365,0.997994946833663
2022-09-23,-0.010394376865969335,1,1,0,0.0,-0.010394376865969335,-0.010394376865969335,0.8221009588539114,0.9876751381514056
2022-09-26,-0.0021226109775351887,1,1,0,0.0,-0.0021226109775351887,-0.0021226109775351887,0.8203578090029873,0.9855809114614985
2022-09-27,0.01948114438777715,1,1,0,0.0,0.01948114438777715,0.01948114438777715,0.8364960027841142,1.0049693972680467
2022-09-28,-0.021352776272161478,1,1,0,0.0,-0.021352776272161478,-0.021352776272161478,0.8188238371341761,0.9837379919743826
2022-09-29,-0.01518139227639459,1,1,0,0.0,-0.01518139227639459,-0.01518139227639459,0.8064868346408686,0.9689162714658227
2022-09-30,0.02555462879740844,1,1,0,0.0,0.02555462879740844,0.02555462879740844,0.8273618975652781,0.9939956494129409
2022-10-03,0.030125340865302164,1,1,0,0.0,0.030125340865302164,0.030125340865302164,0.8526656857238372,1.0243957142664109
2022-10-04,-0.0020200133350627425,1,1,0,0.0,-0.0020200133350627425,-0.0020200133350627425,0.8509450281290565,1.0223285098563766
2022-10-05,-0.010297920383575132,1,1,0,0.0,-0.010297920383575132,-0.010297920383575132,0.8422270296488263,1.0118546741788594
2022-10-06,-0.02840316716749136,1,1,0,0.0,-0.02840316716749136,-0.02840316716749136,0.8186416498594332,0.9835191115074361
2022-10-07,-0.00752066754461822,1,1,0,0.0,-0.00752066754461822,-0.00752066754461822,0.8125080116097994,0.976150135786956
2022-10-10,-0.006540572639369913,1,1,0,0.0,-0.006540572639369913,-0.006540572639369913,0.8072110852886074,0.9697863888776294
2022-10-11,-0.0032961833504643323,1,1,0,0.0,-0.0032961833504643323,-0.0032961833504643323,0.8045547498383622,0.9665950576250116
2022-10-12,0.025634291446896995,1,1,0,0.0,0.025634291446896995,0.025634291446896995,0.8254455573420695,0.9916933511680377
2022-10-13,-0.023947163771952162,1,1,0,0.0,-0.023947163771952162,-0.023947163771952162,0.8059132821092747,0.9682272033291444
2022-10-14,0.026135556911906832,1,1,0,0.0,0.026135556911906832,0.026135556911906832,0.8272539347358014,0.9938659424695659
2022-10-17,0.011362760181542697,1,1,0,0.0,0.011362760181542697,0.011362760181542697,0.8367074299918388,1.005223406698822
2022-10-18,-0.006694436704711038,1,1,0,0.0,-0.006694436704711038,-0.006694436704711038,0.8311248520176573,0.9985164768351499
2022-10-19,-0.007982718516093001,1,1,0,0.0,-0.007982718516093001,-0.007982718516093001,0.8245166271634484,0.9905773310094168
2022-10-20,0.02344776785243674,1,1,0,0.0,0.02344776785243674,0.02344776785243674,0.8440781423292264,1.0140786078121407
2022-10-21,0.01181191705979856,1,1,0,0.0,0.01181191705979856,0.01181191705979856,0.854107439342473,1.0261278424060636
2022-10-24,0.01613576532526828,1,1,0,0.0,0.01613576532526828,0.01613576532526828,0.8680009059607325,1.0428195046816089
2022-10-25,-0.007415138056792614,1,1,0,0.0,-0.007415138056792614,-0.007415138056792614,0.8615883637349493,1.035115452690742
2022-10-26,-0.006101172384331832,1,1,0,0.0,-0.006101172384331832,-0.006101172384331832,0.8563476680541102,1.0288192614810903
2022-10-27,0.024328034575768598,1,1,0,0.0,0.024328034575768598,0.024328034575768598,0.8774364074118572,1.0541553510869692
2022-10-28,-0.007482306966124952,1,1,0,0.0,-0.007482306966124952,-0.007482306966124952,0.8708956593260726,1.046297272100847
2022-10-31,-0.004109694089747151,1,1,0,0.0,-0.004109694089747151,-0.004109694089747151,0.8673238890508905,1.04200613405753
2022-11-01,-0.02531980282762092,1,1,0,0.0,-0.02531980282762092,-0.02531980282762092,0.8456391049054068,1.0159539540351004
2022-11-02,-0.010642409238982964,1,1,0,0.0,-0.010642409238982964,-0.010642409238982964,0.836687186961312,1.0051990866469391
2022-11-03,0.01352678145799402,1,1,0,0.0,0.01352678145799402,0.01352678145799402,0.8480817639223139,1.0188885736289564
2022-11-04,0.009568061802673,1,1,0,0.0,0.009568061802673,0.009568061802673,0.8562352067734051,1.0286841500817412
2022-11-07,0.005582267593981172,1,1,0,0.0,0.005582267593981172,0.005582267593981172,0.861028306557041,1.0344425979219865
2022-11-08,-0.020996774887089842,0,1,1,0.0001,-0.0001,-0.020996774887089842,0.8609422080313833,1.0129490765135853
2022-11-09,0.05395250428096254,1,0,1,0.0001,0.05385250428096254,0.05395250428096254,0.9085772227882157,1.0691013740829298
2022-11-10,0.009198359044827242,1,1,0,0.0,0.009198359044827242,0.009198359044827242,0.9169731977008599,1.0789807196033117
2022-11-11,-0.008975957665020573,1,1,0,0.0,-0.008975957665020573,-0.008975957665020573,0.9087793140880838,1.069339170145785
2022-11-14,0.008675381307597263,1,1,0,0.0,0.008675381307597263,0.008675381307597263,0.9166976186555879,1.0786564522448754
2022-11-15,-0.008286297872086124,1,1,0,0.0,-0.008286297872086124,-0.008286297872086124,0.9091329738628491,1.0697553132557776
2022-11-16,-0.003094109623736685,1,1,0,0.0,-0.003094109623736685,-0.003094109623736685,0.9063243640931111,1.0664504884277073
2022-11-17,0.004747288330236188,0,1,1,0.0001,-0.0001,0.004747288330236188,0.9062337361881726,1.0715252725872477
2022-11-18,-0.003891212801477195,1,0,1,0.0001,-0.003991212801477195,-0.003891212801477195,0.9026239729576689,1.0673638414873048
2022-11-21,0.013488571921957515,1,1,0,0.0,0.013488571921957515,0.013488571921957515,0.9148815641892952,1.0818585924094402
2022-11-22,0.005897283130643416,1,1,0,0.0,0.005897283130643416,0.005897283130643416,0.920292819975368,1.0882574682825985
2022-11-23,-0.0002831109441299162,1,1,0,0.0,-0.0002831109441299162,-0.0002831109441299162,0.9200323118843147,1.0879494142920823
2022-11-25,-0.015564652905561971,1,1,0,0.0,-0.015564652905561971,-0.015564652905561971,0.9058231951284895,1.0711469606690713
2022-11-28,-0.0015931188727940082,1,1,0,0.0,-0.0015931188727940082,-0.0015931188727940082,0.9043812599929273,1.0694418548092899
2022-11-29,0.030478587582589256,1,1,0,0.0,0.030478587582589256,0.030478587582589256,0.9323698836702123,1.102538743193763
2022-11-30,-0.0008680002702714518,1,1,0,0.0,-0.0008680002702714518,-0.0008680002702714518,0.9315609374927339,1.101582154486374
2022-12-01,-0.0011953459028433144,1,1,0,0.0,-0.0011953459028433144,-0.0011953459028433144,0.9304480652090263,1.1002661694567157
2022-12-02,-0.018056283602074785,1,1,0,0.0,-0.018056283602074785,-0.018056283602074785,0.9137983989686042,1.0805777363436149
2022-12-05,-0.014503849921748468,1,1,0,0.0,-0.014503849921748468,-0.014503849921748468,0.900640455211762,1.0650183075946116
2022-12-06,-0.0018640849162636641,1,1,0,0.0,-0.0018640849162636641,-0.0018640849162636641,0.8989631487307742,1.0630348722521707
2022-12-07,0.007493612090724966,1,1,0,0.0,0.007493612090724966,0.007493612090724966,0.9057249333046717,1.0710307648656316
2022-12-08,-0.007376687214824429,1,1,0,0.0,-0.007376687214824429,-0.007376687214824429,0.8990682660306726,1.0631591747395717
2022-12-09,0.014178262831054056,1,1,0,0.0,0.014178262831054056,0.014178262831054056,0.9119062875704332,1.0783402915703988
2022-12-12,0.007263262233260903,1,1,0,0.0,0.007263262233260903,0.007263262233260903,0.9185538142096571,1.086201072784509
2022-12-13,-0.006071158028412071,1,1,0,0.0,-0.006071158028412071,-0.006071158028412071,0.9129940231085122,1.0796265520921993
2022-12-14,-0.02523746079196343,1,1,0,0.0,-0.02523746079196343,-0.02523746079196343,0.8902406979979045,1.052720468025887
2022-12-15,-0.011200267830703936,1,1,0,0.0,-0.011200267830703936,-0.011200267830703936,0.8803253944270572,1.0409955007904015
2022-12-16,-0.009048278034292423,1,1,0,0.0,-0.009048278034292423,-0.009048278034292423,0.8723958937608105,1.0316187696755965
2022-12-19,0.0010367470114189814,1,1,0,0.0,0.0010367470114189814,0.0010367470114189814,0.8733008166034133,1.032688851958438
2022-12-20,0.014758594440962725,1,1,0,0.0,0.014758594440962725,0.014758594440962725,0.886285088299555,1.0480429113804326
2022-12-21,-0.014557129502374977,1,1,0,0.0,-0.014557129502374977,-0.014557129502374977,0.873476773822809,1.032896923513436
2022-12-22,0.005850906388984001,1,1,0,0.0,0.005850906388984001,0.005850906388984001,0.8786023847722002,1.0389580208882208
2022-12-23,-0.004057826255055019,1,1,0,0.0,-0.004057826255055019,-0.004057826255055019,0.875044392686511,1.0347506519125016
2022-12-27,-0.012093462699048985,1,1,0,0.0,-0.012093462699048985,-0.012093462699048985,0.8645258072205949,1.0223122964884546
2022-12-28,0.017310618960092228,1,1,0,0.0,0.017310618960092228,0.017310618960092228,0.8796215655494756,1.0401632145704118
2022-12-29,-0.0025439680351091454,1,1,0,0.0,-0.0025439680351091454,-0.0025439680351091454,0.8773866803472891,1.0375204355991503
2022-12-30,-0.00400854439080689,1,1,0,0.0,-0.00400854439080689,-0.00400854439080689,0.8738766765941614,1.0333698134111566
2023-01-03,0.007510674075383861,1,1,0,0.0,0.007510674075383861,0.007510674075383861,0.8804647891073557,1.0411603366976054
2023-01-04,-0.011713902384517638,1,1,0,0.0,-0.011713902384517638,-0.011713902384517638,0.8702112820498801,1.029035439720049
2023-01-05,0.022583841176025743,1,1,0,0.0,0.022583841176025743,0.022583841176025743,0.8900875923654433,1.052539418750759
2023-01-06,-0.0007679298504950083,1,1,0,0.0,-0.0007679298504950083,-0.0007679298504950083,0.8894043299161035,1.0517314525826529
2023-01-09,0.006954020552452533,0,1,1,0.0001,-0.0001,0.006954020552452533,0.8893153939299853,1.0590707037952785
2023-01-10,0.012767544131229158,1,0,1,0.0001,0.012667544131229159,0.012767544131229158,0.9006524909155853,1.072679123937686
2023-01-11,0.0034101315868824145,1,1,0,0.0,0.0034101315868824145,0.0034101315868824145,0.9037290772242691,1.0763433450880242
2023-01-12,0.003988850553225731,1,1,0,0.0,0.003988850553225731,0.003988850553225731,0.9073411166073265,1.0806452920432896
2023-01-13,-0.00203252611255067,1,1,0,0.0,-0.00203252611255067,-0.00203252611255067,0.90549879501245,1.0784510829178646
2023-01-17,-0.015685001660276754,1,1,0,0.0,-0.015685001660276754,-0.015685001660276754,0.8914068499068181,1.061667544890761
2023-01-18,-0.007667669607521077,1,1,0,0.0,-0.007667669607521077,-0.007667669607521077,0.884597974160239,1.053558158701848
2023-01-19,0.018741671559173056,1,1,0,0.0,0.018741671559173056,0.018741671559173056,0.9013331516033469,1.0734897923337783
2023-01-20,0.011811328415708644,1,1,0,0.0,0.011811328415708644,0.011811328415708644,0.9120422130908012,1.0862443084323008
2023-01-23,-0.0007117296325205302,1,1,0,0.0,-0.0007117296325205302,-0.0007117296325205302,0.9113933165684687,1.0854714712280265
2023-01-24,-0.00018174643434853976,1,1,0,0.0,-0.00018174643434853976,-0.00018174643434853976,0.911227689134447,1.0852742085849778
2023-01-25,0.01094771756997659,1,1,0,0.0,0.01094771756997659,0.01094771756997659,0.9212583588030987,1.097220758515395
2023-01-26,0.0024917027916835366,1,1,0,0.0,0.0024917027916835366,0.0024917027916835366,0.9235567230587743,1.0999581154662001
2023-01-27,-0.013053559781990742,1,1,0,0.0,-0.013053559781990742,-0.013053559781990742,0.9115793638231234,1.0856930539229581
2023-01-30,0.01453628532231832,1,1,0,0.0,0.01453628532231832,0.01453628532231832,0.9249271199101355,1.1015902611703337
2023-01-31,0.010398089735209837,1,1,0,0.0,0.010398089735209837,0.010398089735209837,0.934594770545314,1.1131044546228348
2023-02-01,0.014592431217643309,1,1,0,0.0,0.014592431217643309,0.014592431217643309,0.9483327720933108,1.1294664450839713
2023-02-02,-0.0104086439893738,1,1,0,0.0,-0.0104086439893738,-0.0104086439893738,0.9385131072378641,1.1177712023563413
2023-02-03,-0.006159416919169658,1,1,0,0.0,-0.006159416919169658,-0.006159416919169658,0.9327501800814789,1.1109075432694235
2023-02-06,0.012790383040920617,1,1,0,0.0,0.012790383040920617,0.012790383040920617,0.9447570346136013,1.1252077337764983
2023-02-07,-0.011142539811004326,1,1,0,0.0,-0.011142539811004326,-0.011142539811004326,0.934288473235821,1.1127396538445928
2023-02-08,-0.008869043032445845,1,1,0,0.0,-0.008869043032445845,-0.008869043032445845,0.9260388657001462,1.102914352883951
2023-02-09,0.0021928652588769637,1,1,0,0.0,0.0021928652588769637,0.0021928652588769637,0.9280717722875956,1.1053355491602812
2023-02-10,0.011383550959928712,1,1,0,0.0,0.011383550959928712,0.011383550959928712,0.9386968856235597,1.1179900828232863
2023-02-13,-0.0002804160812814871,1,1,0,0.0,-0.0002804160812814871,-0.0002804160812814871,0.9384336968242925,1.117676624376798
2023-02-14,0.00276928565518908,1,1,0,0.0,0.00276928565518908,0.00276928565518908,0.9410360895205021,1.1207760798778583
2023-02-15,-0.013884644172641458,1,1,0,0.0,-0.013884644172641458,-0.013884644172641458,0.9280604279428006,1.1053220380203477
2023-02-16,-0.002771285205906082,1,1,0,0.0,-0.002771285205906082,-0.002771285205906082,0.9254920682809776,1.1022631159390903
2023-02-17,-0.02024478441412292,1,1,0,0.0,-0.02024478441412292,-0.02024478441412292,0.9069440645394652,1.0801724021455685
2023-02-21,-0.0015747857327728099,1,1,0,0.0,-0.0015747857327728099,-0.0015747857327728099,0.905516945964123,1.0784727007417596
2023-02-22,0.00531527346027616,1,1,0,0.0,0.00531527346027616,0.00531527346027616,0.9103428302403564,1.0842203396700574
2023-02-23,-0.010593457421727237,1,1,0,0.0,-0.010593457421727237,-0.010593457421727237,0.9007500522808312,1.072795319741126
2023-02-24,0.003068304831167268,1,1,0,0.0,0.003068304831167268,0.003068304831167268,0.9035180724110622,1.0760920378852348
2023-02-27,-0.0030405976856187067,1,1,0,0.0,-0.0030405976856187067,-0.0030405976856187067,0.9007750098393823,1.0728250442489826
2023-02-28,-0.00473646161526986,1,1,0,0.0,-0.00473646161526986,-0.00473646161526986,0.8965186116719113,1.0677556645454174
2023-03-01,0.007553542016923487,1,1,0,0.0,0.007553542016923487,0.007553542016923487,0.9033161430736928,1.0758515395943937
2023-03-02,0.016018800257414867,1,1,0,0.0,0.016018800257414867,0.016018800257414867,0.9179027016124321,1.0932241633226585
2023-03-03,0.00068692352399502,1,1,0,0.0,0.00068692352399502,0.00068692352399502,0.9185334471830913,1.0939753827030372
2023-03-06,-0.015445639173959691,1,1,0,0.0,-0.015445639173959691,-0.015445639173959691,0.9044551152912147,1.0772080580438557
2023-03-07,0.0014138210863556822,1,1,0,0.0,0.0014138210863556822,0.0014138210863556822,0.9057347573842074,1.07873211462851
2023-03-08,-0.018631872945281458,1,1,0,0.0,-0.018631872945281458,-0.018631872945281458,0.8890154620238154,1.0588193965924904
2023-03-09,-0.014583974750191686,1,1,0,0.0,-0.014583974750191686,-0.014583974750191686,0.8761441684182354,1.0434896572223782
2023-03-10,-0.001510881613258519,1,1,0,0.0,-0.001510881613258519,-0.001510881613258519,0.8748214178150185,1.0419142583059722
2023-03-13,0.016342380801372514,1,1,0,0.0,0.016342380801372514,0.016342380801372514,0.8892355423128584,1.0590815127072268
2023-03-14,-0.00700533639823675,1,1,0,0.0,-0.00700533639823675,-0.00700533639823675,0.8830279168404679,1.051688216934861
2023-03-15,0.017409551286965197,1,1,0,0.0,0.017409551286965197,0.017409551286965197,0.8985356361766452,1.0701579452258376
2023-03-16,-0.011080586449226715,1,1,0,0.0,-0.011080586449226715,-0.011080586449226715,0.8886342920386684,1.0583654222906782
2023-03-17,0.008878824909595906,1,1,0,0.0,0.008878824909595906,0.008878824909595906,0.8965594513131757,1.0678043046491814
2023-03-20,0.012898635541985115,1,1,0,0.0,0.012898635541985115,0.012898635541985115,0.9081987490739055,1.081666734222365
2023-03-21,-0.016600211922495944,1,1,0,0.0,-0.016600211922495944,-0.016600211922495944,0.8932469026327344,1.0638590517881978
2023-03-22,0.0029800838470404045,1,1,0,0.0,0.0029800838470404045,0.0029800838470404045,0.8959128236598031,1.067034169672895
2023-03-23,0.0056239581242092385,1,1,0,0.0,0.0056239581242092385,0.0056239581242092385,0.9009655948319549,1.0730520313998877
2023-03-24,0.0016455897389313634,1,1,0,0.0,0.0016455897389313634,0.0016455897389313634,0.902449435131277,1.0748192885033707
2023-03-27,-0.0015750808409311645,1,1,0,0.0,-0.0015750808409311645,-0.0015750808409311645,0.9010291231628127,1.0731276937835228
2023-03-28,0.014136861145887636,1,1,0,0.0,0.014136861145887636,0.014136861145887636,0.9138573082581674,1.0884060908218822
2023-03-29,0.005698994460608731,1,1,0,0.0,0.005698994460608731,0.005698994460608731,0.9190802446022603,1.0946266196478986
2023-03-30,0.014333332809426835,1,1,0,0.0,0.014333332809426835,0.014333332809426835,0.9323485902757003,1.11042924891573
2023-03-31,0.0036920936495175027,1,1,0,0.0,0.0036920936495175027,0.0036920936495175027,0.9357972710936946,1.114536635455933
2023-04-03,-0.0058139203852078936,1,1,0,0.0,-0.0058139203852078936,-0.0058139203852078936,0.9303724054122321,1.1080756083390755
2023-04-04,-0.0024954291924714767,1,1,0,0.0,-0.0024954291924714767,-0.0024954291924714767,0.9280536213359218,1.1053139313363853
2023-04-05,0.003572739725370866,1,1,0,0.0,0.003572739725370866,0.003572739725370866,0.931375245492201,1.109269993109318
2023-04-06,0.0009958450470115565,1,1,0,0.0,0.0009958450470115565,0.0009958450470115565,0.9323032128965159,1.1103752043559902
2023-04-10,-4.137234502721299e-05,1,1,0,0.0,-4.137234502721299e-05,-4.137234502721299e-05,0.9322646421242091,1.1103292664802114
2023-04-11,-0.004143458650798237,1,1,0,0.0,-0.004143458650798237,-0.004143458650798237,0.9284098337625174,1.1057381811303406
2023-04-12,0.013175446748329378,1,1,0,0.0,0.013175446748329378,0.013175446748329378,0.9407229856041308,1.1204031724156547
2023-04-13,-0.002071498810490624,1,1,0,0.0,-0.002071498810490624,-0.002071498810490624,0.938776296037133,1.1180846608028316
2023-04-14,0.0033007789687626854,1,1,0,0.0,0.0033007789687626854,0.0033007789687626854,0.9418801087733271,1.1217813086890134
2023-04-17,0.0008547842551518414,1,1,0,0.0,0.0008547842551518414,0.0008547842551518414,0.9426855572538448,1.1227405996243889
2023-04-18,-8.424204429147153e-05,1,1,0,0.0,-8.424204429147153e-05,-8.424204429147153e-05,0.9426061468402724,1.1226460216448446
2023-04-19,-0.005970339945818637,1,1,0,0.0,-0.005970339945818637,-0.005970339945818637,0.9369952339041555,1.1159634118330557
2023-04-20,0.00917855572291515,1,1,0,0.0,0.00917855572291515,0.00917855572291515,0.9456350869008144,1.126253496007458
2023-05-01,-0.01165389752800472,1,1,0,0.0,-0.01165389752800472,-0.01165389752800472,0.9346787186968055,1.1132044370583538
2023-05-02,-0.007022889090581685,1,1,0,0.0,-0.007022889090581685,-0.007022889090581685,0.9281375694874127,1.1054139137719037
2023-05-03,-0.007244906241250959,1,1,0,0.0,-0.007244906241250959,-0.007244906241250959,0.9214375994508761,1.0974342345263661
2023-05-04,0.018306159168067992,1,1,0,0.0,0.018306159168067992,0.018306159168067992,0.9384609232518024,1.117709051112641
2023-05-05,0.0004519981658628325,1,1,0,0.0,0.0004519981658628325,0.0004519981658628325,0.9388852017471736,1.1182143677462049
2023-05-08,-0.004589891663840717,1,1,0,0.0,-0.004589891663840717,-0.004589891663840717,0.9345856950694775,1.1130936457108873
2023-05-09,0.004473890233027689,1,1,0,0.0,0.004473890233027689,0.004473890233027689,0.938776296037133,1.1180846608028316
2023-05-10,-0.001698060217456998,1,1,0,0.0,-0.001698060217456998,-0.001698060217456998,0.9371835500277697,1.1161876967559745
2023-05-11,-0.001584552162620767,1,1,0,0.0,-0.001584552162620767,-0.001584552162620767,0.9356997097284476,1.1144204396524917
2023-05-12,0.0029538685652354957,1,1,0,0.0,0.0029538685652354957,0.0029538685652354957,0.9384677298586805,1.1177171577966025
2023-05-15,-0.006398135861992671,1,1,0,0.0,-0.006398135861992671,-0.006398135861992671,0.932482453544294,1.1105886803669622
2023-05-16,0.011820660164447716,1,1,0,0.0,0.011820660164447716,0.011820660164447716,0.9435704161479364,1.1237944685393104
2023-05-17,0.009400774284705093,1,1,0,0.0,0.009400774284705093,0.009400774284705093,0.9524825334196989,1.1344088200721483
2023-05-18,-0.001446955746059686,1,1,0,0.0,-0.001446955746059686,-0.001446955746059686,0.9511053299614599,1.1327685676840535
2023-05-19,0.00015504597144122556,1,1,0,0.0,0.00015504597144122556,0.00015504597144122556,0.9512528064438085,1.1329442125032072
2023-05-22,-0.011285515564489756,1,1,0,0.0,-0.011285515564489756,-0.011285515564489756,0.9405777779907419,1.1202302298244888
2023-05-23,-0.007345550785867516,1,1,0,0.0,-0.007345550785867516,-0.007345550785867516,0.9336940295685089,1.1120316701120054
2023-05-24,0.00871956478556335,1,1,0,0.0,0.00871956478556335,0.00871956478556335,0.9418710332974894,1.1217704997770643
2023-05-25,0.012964582735314423,1,1,0,0.0,0.012964582735314423,0.012964582735314423,0.9541614964495121,1.1364084687825105
2023-05-26,1.664492918251881e-05,1,1,0,0.0,1.664492918251881e-05,1.664492918251881e-05,0.9541773785322268,1.1364273843784196
2023-05-30,-0.006127372232972661,1,1,0,0.0,-0.006127372232972661,-0.006127372232972661,0.9483486541760243,1.1294853606798791
2023-05-31,0.009806229149665668,1,1,0,0.0,0.009806229149665668,0.009806229149665668,0.9576941254189965,1.1406158377582307
2023-06-01,0.014429789652144365,1,1,0,0.0,0.014429789652144365,0.014429789652144365,0.9716136364837292,1.1571940064583246
2023-06-02,-0.0020055732655688274,1,1,0,0.0,-0.0020055732655688274,-0.0020055732655688274,0.9696669469167293,1.154875494845499
2023-06-05,0.0023511165774898757,1,1,0,0.0,0.0023511165774898757,0.0023511165774898757,0.9719494290896908,1.157593936200396
2023-06-06,-0.0038192757067676553,1,1,0,0.0,-0.0038192757067676553,-0.0038192757067676553,0.9682443660793064,1.1531811978976652
2023-06-07,0.006169535247098068,1,1,0,0.0,0.006169535247098068,0.006169535247098068,0.9742364490005718,1.160317782011268
2023-06-08,0.001147473763687401,1,1,0,0.0,0.001147473763687401,0.001147473763687401,0.9753550013974596,1.1616499804088454
2023-06-09,0.00927790266568529,1,1,0,0.0,0.00927790266568529,0.00927790266568529,0.9844463593170011,1.1724778079526563
2023-06-12,0.00690866488336539,1,1,0,0.0,0.00690866488336539,0.00690866488336539,0.9912711171462938,1.1806061097374774
2023-06-13,0.0008190720692198283,1,1,0,0.0,0.0008190720692198283,0.0008190720692198283,0.9920833722336898,1.1815735073568145
2023-06-14,0.012104580063653003,1,1,0,0.0,0.012104580063653003,0.012104580063653003,1.0041650994414648,1.1959628713874582
2023-06-15,-0.0036783763376515566,1,1,0,0.0,-0.0036783763376515566,-0.0036783763376515566,1.0004781873827533,1.191571750908622
2023-06-16,-0.0047463803686902395,1,1,0,0.0,-0.0047463803686902395,-0.0047463803686902395,0.9957407889959304,1.1859294988718183
2023-06-20,-0.005259081846185509,1,1,0,0.0,-0.005259081846185509,-0.005259081846185509,0.9905178526518379,1.1797089700458023
2023-06-21,0.0037038857650539825,1,1,0,0.0,0.0037038857650539825,0.0037038857650539825,0.9941934203657526,1.1840865793847024
2023-06-22,-0.007688274822307051,1,1,0,0.0,-0.007688274822307051,-0.007688274822307051,0.9865790961386555,1.1750179022604135
2023-06-23,-0.004496875789266497,1,1,0,0.0,-0.004496875789266497,-0.004496875789266497,0.982152532799243,1.1697458554578242
2023-06-26,0.011390657230512247,1,1,0,0.0,0.011390657230512247,0.011390657230512247,0.9934038539679483,1.1831462040452345
2023-06-27,-0.0003540724651998062,1,1,0,0.0,-0.0003540724651998062,-0.0003540724651998062,0.9930521792792709,1.1827273587072529
2023-06-28,0.004463550205313638,1,1,0,0.0,0.004463550205313638,0.004463550205313638,0.9974946247013967,1.1880183211057498
2023-06-29,0.012194363266363695,1,1,0,0.0,0.012194363266363695,0.012194363266363695,1.009732903867358,1.2025941388674957
2023-06-30,0.0011700018289602099,1,1,0,0.0,0.0011700018289602099,0.0011700018289602099,1.0109149845951044,1.2040019996487097
2023-07-03,-0.0019702536362675716,1,1,0,0.0,-0.0019702536362675716,-0.0019702536362675716,1.00892518651788,1.2016321457041321
2023-07-05,-0.007954065287478329,1,1,0,0.0,-0.007954065287478329,-0.007954065287478329,1.0009319611745955,1.1921121965060184
2023-07-06,-0.002869292613603136,1,1,0,0.0,-0.002869292613603136,-0.002869292613603136,0.9980641108101576,1.1886965803304805
2023-07-07,0.0024022317330238963,1,1,0,0.0,0.0024022317330238963,0.0024022317330238963,1.000464574168999,1.1915555375407016
2023-07-10,0.006719588071620208,1,1,0,0.0,0.006719588071620208,0.006719588071620208,1.0072099215847201,1.199589261345979
2023-07-11,0.0073838175010525475,1,1,0,0.0,0.0073838175010525475,0.0073838175010525475,1.014674500460509,1.2084795914231272
2023-07-12,0.008434509266770363,1,1,0,0.0,0.008434509266770363,0.008434509266770363,1.0232689760779845,1.2187156310377905
2023-07-13,-0.0010249061954503702,1,1,0,0.0,-0.0010249061954503702,-0.0010249061954503702,1.0222207586188308,1.2174672017078076
2023-07-14,0.0038479435973783893,1,1,0,0.0,0.0038479435973783893,0.0038479435973783893,1.0261617840009714,1.222160971721182
2023-07-17,0.007092079866133361,1,1,0,0.0,0.007092079866133361,0.007092079866133361,1.0334652731806582,1.2308594436112568
2023-07-18,0.0023550834835130985,1,1,0,0.0,0.0023550834835130985,0.0023550834835130985,1.0359020384428448,1.2337616364692667
2023-07-19,-0.006779806181850034,1,1,0,0.0,-0.006779806181850034,-0.006779806181850034,1.0289025777036942,1.22542526312945
2023-07-20,0.0003241023001034904,1,1,0,0.0,0.0003241023001034904,0.0003241023001034904,1.0292361014406959,1.2258224906435335
2023-07-21,0.004025974035343438,1,1,0,0.0,0.004025974035343438,0.004025974035343438,1.0333881316360458,1.2307675678597003
2023-07-24,0.0028107581456495723,1,1,0,0.0,0.0028107581456495723,0.0028107581456495723,1.0362968216417479,1.2342318241390018
2023-07-25,-0.00015545953102247267,1,1,0,0.0,-0.00015545953102247267,-0.00015545953102247267,1.036135731945644,1.2340399659519263
2023-07-26,-0.006445427491140521,1,1,0,0.0,-0.006445427491140521,-0.006445427491140521,1.0294788704193327,1.2261116290381417
2023-07-27,0.009829414508766732,1,1,0,0.0,0.009829414508766732,0.009829414508766732,1.0396479410944954,1.2382230148757638
2023-07-28,0.0014676396864565788,1,1,0,0.0,0.0014676396864565788,0.0014676396864565788,1.0411748899040416,1.2400416143109982
2023-07-31,-0.0026686495524472775,1,1,0,0.0,-0.0026686495524472775,-0.0026686495524472775,1.0384000631669328,1.2367367894829284
2023-08-01,-0.013936235197657965,1,1,0,0.0,-0.013936235197657965,-0.013936235197657965,1.0240290471793179,1.2196208774134263
2023-08-02,-0.002551225527671619,1,1,0,0.0,-0.002551225527671619,-0.002551225527671619,1.0214198478762302,1.2165133152284044
2023-08-03,-0.005314091027456058,1,1,0,0.0,-0.005314091027456058,-0.005314091027456058,1.0160063265395638,1.210065799251482
2023-08-04,0.008983583955258112,1,1,0,0.0,0.008983583955258112,0.008983583955258112,1.0251748260037168,1.2209855025468483
2023-08-07,-0.004227192022497661,1,1,0,0.0,-0.004227192022497661,-0.004227192022497661,1.0208503617674696,1.2158350560036741
2023-08-08,-0.007063636404007312,1,1,0,0.0,-0.007063636404007312,-0.007063636404007312,1.0136648537736623,1.207277099968923
2023-08-09,0.0002506562955826297,1,1,0,0.0,0.0002506562955826297,0.0002506562955826297,1.0139189670970932,1.2075797495034641
2023-08-10,-0.0010702036647138868,1,1,0,0.0,-0.0010702036647138868,-0.0010702036647138868,1.0128344477345925,1.20628808452569
2023-08-11,0.005733913274736935,1,1,0,0.0,0.005733913274736935,0.005733913274736935,1.0186586343528752,1.2132247037682549
2023-08-14,-0.01161806073636562,1,1,0,0.0,-0.01161806073636562,-0.01161806073636562,1.0068922799304303,1.1992109494278014
2023-08-15,-0.00758413033820915,1,1,0,0.0,-0.00758413033820915,-0.00758413033820915,0.999284762310212,1.1901503789874748
2023-08-16,-0.0077427623561252545,1,1,0,0.0,-0.0077427623561252545,-0.0077427623561252545,0.9915774144557872,1.1809709105157196
2023-08-17,-0.00014874022775579476,1,1,0,0.0,-0.00014874022775579476,-0.00014874022775579476,0.9914299379734381,1.1807952656965655
2023-08-18,0.006855621481268059,1,1,0,0.0,0.006855621481268059,0.006855621481268059,0.9982501580648142,1.1889181630254144
2023-08-21,-0.002781282092231052,1,1,0,0.0,-0.002781282092231052,-0.002781282092231052,0.9954776001966626,1.1856160404253295
2023-08-22,0.010984339030271073,1,1,0,0.0,0.010984339030271073,0.010984339030271073,1.0064725391729772,1.198711037250211
2023-08-23,-0.013549420207498386,1,1,0,0.0,-0.013549420207498386,-0.013549420207498386,0.9929273914865151,1.1825787361679698
2023-08-24,0.006695523315476848,1,1,0,0.0,0.006695523315476848,0.006695523315476848,0.9995978662265811,1.1905232864496758
2023-08-25,0.0062450565111582534,1,1,0,0.0,0.0062450565111582534,0.0062450565111582534,1.0058599445539926,1.197981435693729
2023-08-28,0.014404107984150372,1,1,0,0.0,0.014404107984150372,0.014404107984150372,1.0204533096996085,1.2153621661059535
2023-08-29,0.003825802169906467,1,1,0,0.0,0.003825802169906467,0.003825802169906467,1.02436483978528,1.220020807155498
2023-08-30,-0.0015982216816592398,1,1,0,0.0,-0.0015982216816592398,-0.0015982216816592398,1.0227289852656933,1.2180725007768904
2023-08-31,0.0017975431036134637,1,1,0,0.0,0.0017975431036134637,0.0017975431036134637,1.0245690379916084,1.2202640076743256
2023-09-01,-0.0042030108696096136,1,1,0,0.0,-0.0042030108696096136,-0.0042030108696096136,1.0202718001828717,1.215145987866995
2023-09-05,-0.006995992744252888,1,1,0,0.0,-0.006995992744252888,-0.006995992744252888,1.0131588959957591,1.2066745031278276
2023-09-06,-0.0032164682050073168,1,1,0,0.0,-0.0032164682050073168,-0.0032164682050073168,1.009905337908258,1.2027995081945062
2023-09-07,0.0014255841976638095,1,1,0,0.0,0.0014255841976638095,0.0014255841976638095,1.0113460696973533,1.2045154229662347
2023-09-08,0.006701012782986737,1,1,0,0.0,0.006701012782986737,0.006701012782986737,1.0181458699680956,1.2126140002431998
2023-09-11,-0.005712155841120392,1,1,0,0.0,-0.005712155841120392,-0.005712155841120392,1.0123466409083637,1.2057071055084911
2023-09-12,0.0012408533465713134,1,1,0,0.0,0.0012408533465713134,0.0012408533465713134,1.0136035943117643,1.2072041398132756
2023-09-13,0.008394550741110507,1,1,0,0.0,0.008394550741110507,0.008394550741110507,1.022148154812135,1.217380730412223
2023-09-14,-0.012234084667106515,1,1,0,0.0,-0.012234084667106515,-0.012234084667106515,1.0097192906536026,1.2025779254995737
2023-09-15,0.0007210364368379629,1,1,0,0.0,0.0007210364368379629,0.0007210364368379629,1.0104475975895075,1.2034453406833923
2023-09-18,-0.002153419552961111,1,1,0,0.0,-0.002153419552961111,-0.002153419552961111,1.0082740211265884,1.2008566062718709
2023-09-19,-0.009439204623111763,1,1,0,0.0,-0.009439204623111763,-0.009439204623111763,0.9988014932218995,1.1895748044262473
2023-09-20,-0.016536873951467967,1,1,0,0.0,-0.016536873951467967,-0.016536873951467967,0.9824202593364284,1.170064718360286
2023-09-21,-0.0022982509659392747,1,1,0,0.0,-0.0022982509659392747,-0.0022982509659392747,0.9801650035909782,1.167378703741234
2023-09-22,0.004015021275819208,1,1,0,0.0,0.004015021275819208,0.004015021275819208,0.9841082978420796,1.1720751759825974
2023-09-25,-0.01484412871796259,1,1,0,0.0,-0.01484412871796259,-0.01484412871796259,0.9696079563237895,1.1548052369178372
2023-09-26,0.00022929233000645866,1,1,0,0.0,0.00022929233000645866,0.00022929233000645866,0.9698303054817918,1.1550700552605608
2023-09-27,0.005875776887473094,1,1,0,0.0,0.005875776887473094,0.005875776887473094,0.9755455863900329,1.1618769675597513
2023-09-28,-0.00271316867551441,1,1,0,0.0,-0.00271316867551441,-0.00271316867551441,0.9729023540525584,1.1587288719549265
2023-09-29,7.928697692172193e-05,1,1,0,0.0,7.928697692172193e-05,7.928697692172193e-05,0.9729794955971708,1.158820747706483
2023-10-02,-0.013839410161484267,1,1,0,0.0,-0.013839410161484267,-0.013839410161484267,0.9596067819516069,1.14289381595125
2023-10-03,0.008077093787001388,1,1,0,0.0,0.008077093787001388,0.008077093787001388,0.9673890024816865,1.1521624579465766
2023-10-04,-0.0013048673867483984,1,1,0,0.0,-0.0013048673867483984,-0.0013048673867483984,0.9661275113403663,1.1506600191858167
2023-10-05,0.011745628333713398,1,1,0,0.0,0.011745628333713398,0.011745628333713398,0.9775421910741348,1.1642549281882897
2023-10-06,0.00628403208104622,1,1,0,0.0,0.00628403208104622,0.00628403208104622,0.9837044391673404,1.1715941794009153
2023-10-09,0.0051944583608865,1,1,0,0.0,0.0051944583608865,0.0051944583608865,0.9888275452772287,1.1776958101955055
2023-10-10,0.0042838286545681115,1,1,0,0.0,0.0042838286545681115,0.0042838286545681115,0.9930725990999034,1.1827516787591352
2023-10-11,-0.006265948885271655,1,1,0,0.0,-0.006265948885271655,-0.006265948885271655,0.9868695113654327,1.1753637874427447
2023-10-12,-0.005031477449687571,1,1,0,0.0,-0.005031477449687571,-0.005031477449687571,0.9819165704274859,1.1694648237471792
2023-10-13,0.010538619453747344,1,1,0,0.0,0.010538619453747344,0.010538619453747344,0.9923193346054477,1.1818545390674604
2023-10-16,-9.832133478049343e-05,1,1,0,0.0,-9.832133478049343e-05,-9.832133478049343e-05,0.9922217732402012,1.1817383432640198
2023-10-17,-0.013490386223825368,1,1,0,0.0,-0.013490386223825368,-0.013490386223825368,0.9789262011392519,1.1659032872603459
2023-10-18,-0.008519009694152757,1,1,0,0.0,-0.008519009694152757,-0.008519009694152757,0.9706221407485557,1.156013132828016
2023-10-19,-0.012665186185758515,1,1,0,0.0,-0.012665186185758515,-0.012665186185758515,0.9584065502721871,1.1414643373461406
2023-10-20,-0.0016869643388464084,1,1,0,0.0,-0.0016869643388464084,-0.0016869643388464084,0.9567911155732324,1.1395403510194146
2023-10-23,0.007239491399758435,1,1,0,0.0,0.007239491399758435,0.007239491399758435,0.9637429300642405,1.147819977571506
2023-10-24,-0.01444339793934546,1,1,0,0.0,-0.01444339793934546,-0.01444339793934546,0.949923249233715,1.1313607069028415
2023-10-25,-0.011903071819741484,1,1,0,0.0,-0.011903071819741484,-0.011903071819741484,0.938683272409805,1.1179738694553651
2023-10-26,-0.004811871761209119,1,1,0,0.0,-0.004811871761209119,-0.004811871761209119,0.9341772986568205,1.1126072446732318
2023-10-27,0.011938544947970087,1,1,0,0.0,0.011938544947970087,0.011938544947970087,0.9453968556600966,1.125969762068824
2023-10-30,0.0064540892074660405,1,1,0,0.0,0.0064540892074660405,0.0064540892074660405,0.951518264112036,1.1332603731776836
2023-10-31,0.010451180679737604,1,1,0,0.0,0.010451180679737604,0.010451180679737604,0.9615149007463002,1.1451663896882969
2023-11-01,0.018682956430735587,1,1,0,0.0,0.018682956430735587,0.018682956430735587,0.9796477014682786,1.166762595760203
2023-11-02,0.009349869637437891,1,1,0,0.0,0.009349869637437891,0.009349869637437891,0.9888502339668213,1.1777228324753757
2023-11-03,0.0017514263468019209,1,1,0,0.0,0.0017514263468019209,0.0017514263468019209,0.9905836498516537,1.1797873346574232
2023-11-06,0.00283611569324016,1,1,0,0.0,0.00283611569324016,0.00283611569324016,0.99339704736107,1.1831380973612728
2023-11-07,0.0010044332873562212,1,1,0,0.0,0.0010044332873562212,0.0010044332873562212,0.9943953497031214,1.1843270776755426
2023-11-08,-0.008116762182437398,1,1,0,0.0,-0.008116762182437398,-0.008116762182437398,0.9863567469806535,1.17475308391769
2023-11-09,0.015495728650984475,1,1,0,0.0,0.015495728650984475,0.015495728650984475,1.001760098344705,1.1930985097212632
2023-11-10,-0.0008360910851976655,1,1,0,0.0,-0.0008360910851976655,-0.0008360910851976655,1.0009228856987582,1.1921013875940698
2023-11-13,0.018895282757299015,1,1,0,0.0,0.018895282757299015,0.018895282757299015,1.0200154179904821,1.2148406361044677
2023-11-14,0.0015958076771482865,1,1,0,0.0,0.0015958076771482865,0.0015958076771482865,1.0216444659031922,1.216780835799116
2023-11-15,0.0011896413835668085,1,1,0,0.0,0.0011896413835668085,0.0011896413835668085,1.022860579665327,1.2182292300001345
2023-11-16,0.0012812755985169844,1,1,0,0.0,0.0012812755985169844,0.0012812755985169844,1.0241719859237486,1.2197911177766068
2023-11-17,0.0073631338909265764,1,1,0,0.0,0.0073631338909265764,0.0073631338909265764,1.0317409327716613,1.2288057503411556
2023-11-20,-0.002022988790832514,1,1,0,0.0,-0.002022988790832514,-0.002022988790832514,1.02965584219815,1.2263224028211248
2023-11-21,0.004052866464977711,1,1,0,0.0,0.004052866464977711,0.004052866464977711,1.0338373676899677,1.2313026090011203
2023-11-22,0.0005967555980319617,1,1,0,0.0,0.0005967555980319617,0.0005967555980319617,1.0344545000468715,1.232037615013577
2023-11-24,-0.001956142216799961,1,1,0,0.0,-0.001956142216799961,-0.001956142216799961,1.0324329378042187,1.2296299298771824
2023-11-27,0.0009796471418237473,1,1,0,0.0,0.0009796471418237473,0.0009796471418237473,1.0334448533600258,1.2308351235593744
2023-11-28,-0.0009466837674256823,1,1,0,0.0,-0.0009466837674256823,-0.0009466837674256823,1.0324669708386072,1.2296704632969877
2023-11-29,0.003776991191685397,1,1,0,0.0,0.003776991191685397,0.003776991191685397,1.0363739631863607,1.234323699890559
2023-11-30,0.00585654170061467,1,1,0,0.0,0.00585654170061467,0.00585654170061467,1.0424613386039112,1.2415737775796127
2023-12-01,-0.0054231665551185415,1,1,0,0.0,-0.0054231665551185415,-0.0054231665551185415,1.036823199240284,1.2348587410319805
2023-12-04,-0.0005691170958783687,1,1,0,0.0,-0.0005691170958783687,-0.0005691170958783687,1.0362332933108902,1.2341561617553665
2023-12-05,-0.00391377911138413,1,1,0,0.0,-0.00391377911138413,-0.00391377911138413,1.0321856310876658,1.229335387026603
2023-12-06,0.00793661041331184,1,1,0,0.0,0.00793661041331184,0.00793661041331184,1.0404102810647886,1.239130963479387
2023-12-07,0.004087074621006437,1,1,0,0.0,0.004087074621006437,0.004087074621006437,1.0446712169701782,1.2442057476389263
2023-12-08,0.003916851675080935,1,1,0,0.0,0.003916851675080935,0.003916851675080935,1.0487710631794642,1.2490886736113904
2023-12-11,0.004588758060085851,1,1,0,0.0,0.004588758060085851,0.004588758060085851,1.0535946785867374,1.2548336103117
2023-12-12,0.013558420429298224,1,1,0,0.0,0.013558420429298224,0.013558420429298224,1.0679770389191476,1.2719630335211363
2023-12-13,0.00264357337426091,1,1,0,0.0,0.00264357337426091,0.00264357337426091,1.070804049642319,1.2753300095929074
2023-12-14,-7.628136810033936e-05,1,1,0,0.0,-7.628136810033936e-05,-7.628136810033936e-05,1.0707223703597883,1.2752327293853771
2023-12-15,0.004518097487249406,1,1,0,0.0,0.004518097487249406,0.004518097487249406,1.0755709433256129,1.2810073905935433
2023-12-18,0.005849255234901207,1,1,0,0.0,0.005849255234901207,0.005849255234901207,1.0818806679011659,1.2885222866253212
2023-12-19,-0.014793144174520378,1,1,0,0.0,-0.014793144174520378,-0.014793144174520378,1.0659940474488014,1.2696012862605202
2023-12-20,0.010248790092495241,1,1,0,0.0,0.010248790092495241,0.010248790092495241,1.0769753732113623,1.2826800697174816
2023-12-21,0.0016587067997893001,1,1,0,0.0,0.0016587067997893001,0.0016587067997893001,1.0787632419512165,1.284809425371218
2023-12-22,0.004222736399949412,1,1,0,0.0,0.004222736399949412,0.004222736399949412,1.0833282062971397,1.2902463080810114
2023-12-26,0.0014294192776826975,1,1,0,0.0,0.0014294192776826975,0.0014294192776826975,1.084877843796279,1.2920919297961169
2023-12-27,0.0003701020331980942,1,1,0,0.0,0.0003701020331980942,0.0003701020331980942,1.0852794336020573,1.29257022414981
2023-12-28,-0.002830472999853839,1,1,0,0.0,-0.002830472999853839,-0.002830472999853839,1.0822119227692109,1.2889168119114207
2023-12-29,-0.0056766608929663676,1,1,0,0.0,-0.0056766608929663676,-0.0056766608929663676,1.0760859765793525,1.2816207963465862
2024-01-02,-0.008048614308973967,1,1,0,0.0,-0.008048614308973967,-0.008048614308973967,1.06745973679645,1.2713469255401073
2024-01-03,-0.003434296699870387,1,1,0,0.0,-0.003434296699870387,-0.003434296699870387,1.0638000511652488,1.266988231797115
2024-01-04,0.0018240092336760938,1,1,0,0.0,0.0018240092336760938,0.0018240092336760938,1.0657422029943309,1.2693013389539674
2024-01-05,0.01401598713236396,1,1,0,0.0,0.01401598713236396,0.01401598713236396,1.080784804193869,1.287217110507612
2024-01-08,-0.0014789856520085465,1,1,0,0.0,-0.0014789856520085465,-0.0014789856520085465,1.0791875204465877,1.2853147420047815
2024-01-09,0.005649939819610594,1,1,0,0.0,0.005649939819610594,0.005649939819610594,1.0853021222916488,1.292597246429679
2024-01-10,-0.0006712890360400792,1,1,0,0.0,-0.0006712890360400792,-0.0006712890360400792,1.0845738153557436,1.2917298312458603
2024-01-11,0.0007507264519421852,1,1,0,0.0,0.0007507264519421852,0.0007507264519421852,1.0853883393121,1.292699931093186
2024-01-12,-0.003738298623245484,1,1,0,0.0,-0.003738298623245484,-0.003738298623245484,1.0813384082199156,1.287876454136434
2024-01-16,-0.0056327271267555545,1,1,0,0.0,-0.0056327271267555545,-0.0056327271267555545,1.0752646460161197,1.2806425898153015
2024-01-17,0.008766724739531995,0,1,1,0.0001,-0.0001,0.008766724739531995,1.0751571249276621,1.2919189872049488
2024-01-18,0.012238283870230404,1,0,1,0.0001,0.012138283870230405,0.012238283870230404,1.0882872144792832,1.3078270033642727
2024-01-19,0.0021918970535104165,1,1,0,0.0,0.0021918970535104165,0.0021918970535104165,1.0906752442196592,1.3106967694864402
2024-01-22,0.002917131506229964,1,1,0,0.0,0.002917131506229964,0.002917131506229964,1.093861532489069,1.3145258265439843
2024-01-23,0.0008116591682760799,1,1,0,0.0,0.0008116591682760799,0.0008116591682760799,1.0947497356410925,1.3155932065988398
2024-01-24,0.0052465060919910655,1,1,0,0.0,0.0052465060919910655,0.0052465060919910655,1.1005084401280065,1.3225136124734826
2024-01-25,-0.0006520097562336957,1,1,0,0.0,-0.0006520097562336957,-0.0006520097562336957,1.0997911317596643,1.3216516017456383
2024-01-26,0.0075283737614562085,1,1,0,0.0,0.0075283737614562085,0.0075283737614562085,1.1081020149239111,1.3316390363854986
2024-01-29,-0.0006008383499374048,1,1,0,0.0,-0.0006008383499374048,-0.0006008383499374048,1.1074364247137871,1.3308391769013537
2024-01-30,-0.016236787963986643,1,1,0,0.0,-0.016236787963986643,-0.016236787963986643,1.0896004059749331,1.3094051045086665
2024-01-31,0.012416277903485096,1,1,0,0.0,0.012416277903485096,0.012416277903485096,1.1032135246644212,1.325764392741814
2024-02-01,0.010627786351802726,1,1,0,0.0,0.010627786351802726,0.010627786351802726,1.115000767507219,1.3399294718495376
2024-02-02,-0.0031914641356145523,1,1,0,0.0,-0.0031914641356145523,-0.0031914641356145523,1.1114479548991272,1.3356599516301175
2024-02-05,0.002307761728426172,1,1,0,0.0,0.002307761728426172,0.002307761728426172,1.1140158738854826,1.338745895991243
2024-02-06,0.008207666921331125,1,1,0,0.0,0.008207666921331125,0.008207666921331125,1.123196971277155,1.3497790928620632
2024-02-07,0.0005704010073621646,1,1,0,0.0,0.0005704010073621646,0.0005704010073621646,1.123837826715956,1.3505492278383506
2024-02-08,0.00572597559086141,1,1,0,0.0,0.00572597559086141,0.00572597559086141,1.1302913534154673,1.3583046221609711
2024-02-09,-0.0009494002275562963,1,1,0,0.0,-0.0009494002275562963,-0.0009494002275562963,1.1292187637863145,1.357015659411183
2024-02-12,-0.013768624761212322,1,1,0,0.0,-0.013768624761212322,-0.013768624761212322,1.11377752063456,1.3384594598246236
2024-02-13,0.009534129096895327,1,1,0,0.0,0.009534129096895327,0.009534129096895327,1.1244472015367113,1.351281531622821
2024-02-14,0.005804399991795606,1,1,0,0.0,0.005804399991795606,0.005804399991795606,1.1309929214747867,1.3591477172929074
2024-02-15,-0.0048150123419912205,1,1,0,0.0,-0.0048150123419912205,-0.0048150123419912205,1.12556026624621,1.3526191344763756
2024-02-16,-0.006023414477223099,1,1,0,0.0,-0.006023414477223099,-0.006023414477223099,1.1188009278285345,1.344496237147527
2024-02-20,0.0012633935945860486,1,1,0,0.0,0.0012633935945860486,0.0012633935945860486,1.120215307025047,1.346195938551334
2024-02-21,0.02090289169482773,1,1,0,0.0,0.02090289169482773,0.02090289169482773,1.1438774887180583,1.3746314836582743
2024-02-22,0.00034788317372758115,1,1,0,0.0,0.00034788317372758115,0.00034788317372758115,1.1442754936747888,1.3751097780119703
2024-02-23,-0.00379393524610272,1,1,0,0.0,-0.00379393524610272,-0.00379393524610272,1.1399424114622605,1.3699025846810688
2024-02-26,0.0017048185442885,1,1,0,0.0,0.0017048185442885,0.0017048185442885,1.1418874639344117,1.3722400118898015
2024-02-27,-0.0016594504761027196,1,1,0,0.0,-0.0016594504761027196,-0.0016594504761027196,1.1399941296204792,1.3699647359247689
2024-02-28,0.005215420393339443,1,1,0,0.0,0.005215420393339443,0.005215420393339443,1.1459552095091199,1.3771283423182394
2024-02-29,0.00797592505779221,1,1,0,0.0,0.00797592505779221,0.00797592505779221,1.155131809669643,1.3881561347330857
2024-03-01,-0.001193997432469729,1,1,0,0.0,-0.001193997432469729,-0.001193997432469729,1.1537534083223258,1.3864996689770694
